preset,metric,legacy,reference,delta
factory_0,average_tracked_notch_db,-5.688366,-7.329598,-1.6412319999999996
factory_0,deepest_tracked_notch_db,-9.51684,-12.223014,-2.706173999999999
factory_0,guitar_alias_proxy_db,-79.500198,-81.277725,-1.7775270000000063
factory_0,guitar_lr_correlation,0.997568,0.977882,-0.01968599999999998
factory_0,guitar_mono_fold_db,-0.005545,-0.049503,-0.043958
factory_0,guitar_side_to_mid_db,-28.935795,-19.406771,9.529024
factory_0,sweep_alias_proxy_db,-82.544273,-82.433273,0.1110000000000042
factory_0,sweep_lr_correlation,0.998929,0.98964,-0.009288999999999992
factory_0,sweep_mono_fold_db,-0.002326,-0.022556,-0.020229999999999998
factory_0,sweep_side_to_mid_db,-32.709873,-22.834023,9.875850000000003
factory_0,tracked_notch_count,8.0,13.0,5.0
factory_0,tracked_notch_high_hz,2966.130371,9171.75,6205.619629
factory_0,tracked_notch_low_hz,26.167307,23.499975,-2.667332000000002
factory_0,tracked_notch_span_oct,6.824673,8.608394,1.7837210000000008
factory_0,worst_thd_db,-21.38842,-17.839655,3.5487649999999995
factory_1,average_tracked_notch_db,-6.655777,-7.698712,-1.0429350000000008
factory_1,deepest_tracked_notch_db,-10.941589,-14.568068,-3.626479
factory_1,guitar_alias_proxy_db,-79.266014,-81.443535,-2.1775209999999987
factory_1,guitar_lr_correlation,0.996053,0.9749,-0.021152999999999977
factory_1,guitar_mono_fold_db,-0.009178,-0.055484,-0.046306
factory_1,guitar_side_to_mid_db,-26.745617,-18.908403,7.8372139999999995
factory_1,sweep_alias_proxy_db,-82.542534,-82.210648,0.33188599999999724
factory_1,sweep_lr_correlation,0.998493,0.989565,-0.008927999999999936
factory_1,sweep_mono_fold_db,-0.003274,-0.022719,-0.019445
factory_1,sweep_side_to_mid_db,-31.225777,-22.802679,8.423098
factory_1,tracked_notch_count,11.0,15.0,4.0
factory_1,tracked_notch_high_hz,5966.034668,9678.276367,3712.241699
factory_1,tracked_notch_low_hz,29.13739,23.499975,-5.637415000000001
factory_1,tracked_notch_span_oct,7.677757,8.685947,1.0081900000000008
factory_1,worst_thd_db,-21.580978,-16.791296,4.789682000000003
factory_10,average_tracked_notch_db,-5.538281,-6.94356,-1.4052790000000002
factory_10,deepest_tracked_notch_db,-9.319819,-11.320744,-2.0009249999999987
factory_10,guitar_alias_proxy_db,-79.455826,-80.560692,-1.1048660000000012
factory_10,guitar_lr_correlation,0.997921,0.989034,-0.008886999999999978
factory_10,guitar_mono_fold_db,-0.004878,-0.023906,-0.019028
factory_10,guitar_side_to_mid_db,-29.493198,-22.580879,6.912319
factory_10,sweep_alias_proxy_db,-82.543938,-82.506653,0.037284999999997126
factory_10,sweep_lr_correlation,0.999008,0.992792,-0.006215999999999999
factory_10,sweep_mono_fold_db,-0.002155,-0.015683,-0.013527999999999998
factory_10,sweep_side_to_mid_db,-33.041634,-24.415792,8.625842000000002
factory_10,tracked_notch_count,8.0,8.0,0.0
factory_10,tracked_notch_high_hz,3485.199951,11371.962891,7886.762939999999
factory_10,tracked_notch_low_hz,26.167307,26.167307,0.0
factory_10,tracked_notch_span_oct,7.057332,8.7635,1.7061680000000008
factory_10,worst_thd_db,-22.193356,-17.268242,4.925114000000001
factory_11,average_tracked_notch_db,-8.266055,-4.897509,3.3685459999999994
factory_11,deepest_tracked_notch_db,-12.896689,-13.447923,-0.5512339999999991
factory_11,guitar_alias_proxy_db,-80.760529,-80.897667,-0.1371379999999931
factory_11,guitar_lr_correlation,0.947349,0.994656,0.04730699999999999
factory_11,guitar_mono_fold_db,-0.120914,-0.013237,0.107677
factory_11,guitar_side_to_mid_db,-15.492482,-25.153372,-9.66089
factory_11,sweep_alias_proxy_db,-82.543144,-82.144241,0.3989030000000042
factory_11,sweep_lr_correlation,0.976632,0.915803,-0.06082899999999991
factory_11,sweep_mono_fold_db,-0.051085,-0.186791,-0.13570600000000002
factory_11,sweep_side_to_mid_db,-19.269329,-13.570551,5.698777999999999
factory_11,tracked_notch_count,7.0,7.0,0.0
factory_11,tracked_notch_high_hz,2035.96167,7805.752441,5769.790771
factory_11,tracked_notch_low_hz,26.167307,26.167307,0.0
factory_11,tracked_notch_span_oct,6.281801,8.220629,1.9388280000000009
factory_11,worst_thd_db,-26.285553,-15.622254,10.663299
factory_2,average_tracked_notch_db,-5.716644,-7.299672,-1.5830280000000005
factory_2,deepest_tracked_notch_db,-9.469046,-11.877348,-2.408301999999999
factory_2,guitar_alias_proxy_db,-79.575745,-81.384743,-1.8089980000000025
factory_2,guitar_lr_correlation,0.997772,0.973109,-0.02466299999999999
factory_2,guitar_mono_fold_db,-0.00499,-0.059674,-0.054683999999999996
factory_2,guitar_side_to_mid_db,-29.394442,-18.590132,10.804310000000001
factory_2,sweep_alias_proxy_db,-82.543312,-82.315773,0.22753900000000726
factory_2,sweep_lr_correlation,0.999128,0.991632,-0.007496000000000058
factory_2,sweep_mono_fold_db,-0.001893,-0.018209,-0.016316
factory_2,sweep_side_to_mid_db,-33.605064,-23.765762,9.839302
factory_2,tracked_notch_count,14.0,17.0,3.0
factory_2,tracked_notch_high_hz,5653.793457,8691.733398,3037.9399410000005
factory_2,tracked_notch_low_hz,26.167307,23.499975,-2.667332000000002
factory_2,tracked_notch_span_oct,7.75531,8.530841,0.7755310000000009
factory_2,worst_thd_db,-20.080715,-17.342604,2.738111
factory_3,average_tracked_notch_db,-5.597838,-7.238877,-1.6410389999999992
factory_3,deepest_tracked_notch_db,-9.708509,-11.043255,-1.3347460000000009
factory_3,guitar_alias_proxy_db,-79.396797,-80.901558,-1.5047609999999878
factory_3,guitar_lr_correlation,0.855161,0.560358,-0.2948029999999999
factory_3,guitar_mono_fold_db,-0.326615,-1.294439,-0.9678239999999999
factory_3,guitar_side_to_mid_db,-11.073145,-4.593745,6.4794
factory_3,sweep_alias_proxy_db,-82.542747,-82.367981,0.1747660000000053
factory_3,sweep_lr_correlation,0.955253,0.811426,-0.14382700000000004
factory_3,sweep_mono_fold_db,-0.098271,-0.430473,-0.332202
factory_3,sweep_side_to_mid_db,-16.404341,-9.821368,6.582972999999999
factory_3,tracked_notch_count,8.0,8.0,0.0
factory_3,tracked_notch_high_hz,2966.130371,10212.776367,7246.645996
factory_3,tracked_notch_low_hz,26.167307,26.167307,0.0
factory_3,tracked_notch_span_oct,6.824673,8.608394,1.7837210000000008
factory_3,worst_thd_db,-21.983162,-17.166731,4.8164310000000015
factory_4,average_tracked_notch_db,-5.167808,-5.676984,-0.5091760000000001
factory_4,deepest_tracked_notch_db,-7.956702,-8.452547,-0.4958449999999992
factory_4,guitar_alias_proxy_db,-79.772598,-80.802803,-1.0302049999999952
factory_4,guitar_lr_correlation,0.99246,0.956309,-0.036151000000000044
factory_4,guitar_mono_fold_db,-0.016408,-0.114443,-0.09803500000000001
factory_4,guitar_side_to_mid_db,-24.219065,-15.734606,8.484459000000001
factory_4,sweep_alias_proxy_db,-82.543495,-82.543709,-0.00021400000001392527
factory_4,sweep_lr_correlation,0.996432,0.983076,-0.013356000000000035
factory_4,sweep_mono_fold_db,-0.007754,-0.036908,-0.029154000000000003
factory_4,sweep_side_to_mid_db,-27.47864,-20.688166,6.790474
factory_4,tracked_notch_count,10.0,13.0,3.0
factory_4,tracked_notch_high_hz,3302.796875,9171.75,5868.953125
factory_4,tracked_notch_low_hz,26.167307,23.499975,-2.667332000000002
factory_4,tracked_notch_span_oct,6.979779,8.608394,1.6286150000000008
factory_4,worst_thd_db,-22.671822,-19.760864,2.9109579999999973
factory_5,average_tracked_notch_db,-7.207882,-4.677063,2.5308189999999993
factory_5,deepest_tracked_notch_db,-11.117718,-8.060194,3.057524000000001
factory_5,guitar_alias_proxy_db,-82.596191,-82.552704,0.04348699999999894
factory_5,guitar_lr_correlation,0.999275,0.994708,-0.004566999999999988
factory_5,guitar_mono_fold_db,-0.001586,-0.011509,-0.009923
factory_5,guitar_side_to_mid_db,-34.374496,-25.761688,8.612808000000001
factory_5,sweep_alias_proxy_db,-82.543083,-81.886688,0.6563949999999892
factory_5,sweep_lr_correlation,0.998889,0.993867,-0.005022000000000082
factory_5,sweep_mono_fold_db,-0.002413,-0.013338,-0.010924999999999999
factory_5,sweep_side_to_mid_db,-32.551208,-25.120399,7.4308090000000036
factory_5,tracked_notch_count,7.0,12.0,5.0
factory_5,tracked_notch_high_hz,591.311096,1397.490845,806.179749
factory_5,tracked_notch_low_hz,22.270071,26.167307,3.8972359999999995
factory_5,tracked_notch_span_oct,4.730739,5.73893,1.008191
factory_5,worst_thd_db,-15.701934,-16.306301,-0.6043670000000017
factory_6,average_tracked_notch_db,-8.47957,-11.506227,-3.026657
factory_6,deepest_tracked_notch_db,-13.471841,-16.946117,-3.4742760000000015
factory_6,guitar_alias_proxy_db,-79.046181,-81.007889,-1.9617080000000016
factory_6,guitar_lr_correlation,0.966683,0.912927,-0.053755999999999915
factory_6,guitar_mono_fold_db,-0.077544,-0.19333,-0.115786
factory_6,guitar_side_to_mid_db,-17.443554,-13.417817,4.0257369999999995
factory_6,sweep_alias_proxy_db,-82.543518,-82.495201,0.04831700000001149
factory_6,sweep_lr_correlation,0.992229,0.944227,-0.04800199999999999
factory_6,sweep_mono_fold_db,-0.016912,-0.12283,-0.105918
factory_6,sweep_side_to_mid_db,-24.087549,-15.423227,8.664321999999999
factory_6,tracked_notch_count,8.0,11.0,3.0
factory_6,tracked_notch_high_hz,7010.083008,6295.519531,-714.5634769999997
factory_6,tracked_notch_low_hz,68.862625,29.13739,-39.725235
factory_6,tracked_notch_span_oct,6.669567,7.75531,1.085743
factory_6,worst_thd_db,-21.115828,-18.018806,3.097021999999999
factory_7,average_tracked_notch_db,-5.207986,-5.1193,0.08868600000000004
factory_7,deepest_tracked_notch_db,-7.166107,-7.518768,-0.35266099999999945
factory_7,guitar_alias_proxy_db,-79.864426,-80.203804,-0.3393780000000106
factory_7,guitar_lr_correlation,0.999943,0.999569,-0.00037399999999998546
factory_7,guitar_mono_fold_db,-0.000124,-0.001002,-0.0008780000000000001
factory_7,guitar_side_to_mid_db,-45.431881,-36.369633,9.062247999999997
factory_7,sweep_alias_proxy_db,-82.543251,-82.431107,0.11214400000000069
factory_7,sweep_lr_correlation,0.999951,0.999789,-0.00016199999999999548
factory_7,sweep_mono_fold_db,-0.000107,-0.000458,-0.000351
factory_7,sweep_side_to_mid_db,-46.089783,-39.76527,6.324512999999996
factory_7,tracked_notch_count,5.0,10.0,5.0
factory_7,tracked_notch_high_hz,3485.199951,9678.276367,6193.076416
factory_7,tracked_notch_low_hz,23.499975,26.167307,2.667332000000002
factory_7,tracked_notch_span_oct,7.212439,8.530841,1.3184020000000007
factory_7,worst_thd_db,-24.748951,-22.158371,2.5905800000000028
factory_8,average_tracked_notch_db,-4.816148,-4.644747,0.17140100000000036
factory_8,deepest_tracked_notch_db,-7.49166,-7.996081,-0.5044209999999998
factory_8,guitar_alias_proxy_db,-79.860153,-80.576408,-0.7162550000000039
factory_8,guitar_lr_correlation,0.999135,0.994102,-0.005032999999999954
factory_8,guitar_mono_fold_db,-0.001879,-0.013018,-0.011139
factory_8,guitar_side_to_mid_db,-33.638416,-25.225849,8.412567
factory_8,sweep_alias_proxy_db,-82.543007,-82.52327,0.019737000000006333
factory_8,sweep_lr_correlation,0.999548,0.998007,-0.0015410000000000146
factory_8,sweep_mono_fold_db,-0.000982,-0.00433,-0.0033479999999999994
factory_8,sweep_side_to_mid_db,-36.454826,-30.010345,6.444480999999996
factory_8,tracked_notch_count,33.0,35.0,2.0
factory_8,tracked_notch_high_hz,8236.839844,10212.776367,1975.9365230000003
factory_8,tracked_notch_low_hz,23.499975,22.270071,-1.2299039999999977
factory_8,tracked_notch_span_oct,8.453288,8.841053,0.3877649999999999
factory_8,worst_thd_db,-22.763634,-19.993643,2.769991000000001
factory_9,average_tracked_notch_db,-5.196326,-5.745864,-0.5495380000000001
factory_9,deepest_tracked_notch_db,-7.182899,-7.586061,-0.403162
factory_9,guitar_alias_proxy_db,-79.81591,-80.428902,-0.6129919999999913
factory_9,guitar_lr_correlation,0.999984,0.999815,-0.00016899999999997473
factory_9,guitar_mono_fold_db,-3.5e-05,-0.00044,-0.00040500000000000003
factory_9,guitar_side_to_mid_db,-50.982803,-39.946918,11.035885
factory_9,sweep_alias_proxy_db,-82.543633,-82.422493,0.12113999999999692
factory_9,sweep_lr_correlation,0.999984,0.999897,-8.699999999994823e-05
factory_9,sweep_mono_fold_db,-3.5e-05,-0.000223,-0.00018800000000000002
factory_9,sweep_side_to_mid_db,-50.957001,-42.89489,8.062111000000002
factory_9,tracked_notch_count,10.0,10.0,0.0
factory_9,tracked_notch_high_hz,3485.199951,10776.795898,7291.595947
factory_9,tracked_notch_low_hz,23.499975,22.270071,-1.2299039999999977
factory_9,tracked_notch_span_oct,7.212439,8.918607,1.706168
factory_9,worst_thd_db,-24.859993,-22.460497,2.399495999999999
