preset,mode,time_s,freq_hz,notch_depth_db
factory_0,legacy,0.336134,26.167307,-2.631340
factory_0,legacy,0.470588,29.137390,-2.504008
factory_0,legacy,0.605042,32.444588,-2.433278
factory_0,legacy,1.277311,55.539299,-8.047134
factory_0,legacy,2.285714,124.390594,-9.085868
factory_0,legacy,2.890756,201.790070,-9.225139
factory_0,legacy,3.092437,237.103104,-9.234644
factory_0,legacy,4.235294,591.311096,-4.429260
factory_0,legacy,5.109244,1189.355103,-6.234739
factory_0,legacy,6.184874,2810.893799,-8.790168
factory_0,legacy,6.722689,4321.265137,-7.510982
factory_0,reference,0.201681,23.499975,-4.386594
factory_0,reference,0.470588,29.137390,-8.419875
factory_0,reference,0.739496,36.127167,-8.717329
factory_0,reference,1.411765,61.843204,-4.124740
factory_0,reference,1.949580,95.073273,-2.585050
factory_0,reference,2.420168,138.509369,-12.223014
factory_0,reference,2.823529,191.229095,-10.892367
factory_0,reference,3.495798,327.349792,-10.856420
factory_0,reference,4.369748,658.427063,-10.392677
factory_0,reference,4.571429,773.651001,-10.300237
factory_0,reference,5.714286,1929.406738,-4.779624
factory_0,reference,6.655462,4095.105469,-2.766181
factory_0,reference,7.663866,9171.750000,-4.840667
factory_1,legacy,0.336134,26.167307,-2.701208
factory_1,legacy,0.470588,29.137390,-2.543169
factory_1,legacy,0.605042,32.444588,-2.476609
factory_1,legacy,1.142857,49.877968,-9.382950
factory_1,legacy,2.084034,105.864441,-10.446177
factory_1,legacy,2.487395,146.158783,-10.330549
factory_1,legacy,2.957983,212.934280,-10.392057
factory_1,legacy,3.764706,405.877808,-7.609478
factory_1,legacy,4.571429,773.651001,-5.485369
factory_1,legacy,4.907563,1012.218079,-1.747690
factory_1,legacy,5.579832,1732.735107,-9.767125
factory_1,legacy,6.453782,3485.199951,-8.037772
factory_1,legacy,7.126050,5966.034668,-5.438266
factory_1,legacy,7.932773,11371.962891,-4.437614
factory_1,reference,0.201681,23.499975,-4.344434
factory_1,reference,0.470588,29.137390,-8.893215
factory_1,reference,0.739496,36.127167,-9.447097
factory_1,reference,1.277311,55.539299,-3.726591
factory_1,reference,1.680672,76.678787,-3.980514
factory_1,reference,2.218488,117.880432,-14.568068
factory_1,reference,2.487395,146.158783,-13.266114
factory_1,reference,3.159664,250.197540,-12.072832
factory_1,reference,3.831933,428.293121,-11.423038
factory_1,reference,4.100841,531.036560,-10.834967
factory_1,reference,5.109244,1189.355103,-9.420962
factory_1,reference,5.848740,2148.401367,-1.548236
factory_1,reference,6.252101,2966.130371,-2.267020
factory_1,reference,7.058824,5653.793457,-4.598590
factory_1,reference,7.731092,9678.276367,-5.089015
factory_10,legacy,0.470588,29.137390,-2.956832
factory_10,legacy,0.605042,32.444588,-2.851723
factory_10,legacy,0.806723,38.122353,-2.881919
factory_10,legacy,1.613445,72.665695,-9.395081
factory_10,legacy,1.882353,90.097488,-9.202726
factory_10,legacy,2.823529,191.229095,-9.208900
factory_10,legacy,4.033614,503.244019,-5.521860
factory_10,legacy,5.176471,1255.039307,-7.674679
factory_10,legacy,6.386555,3302.796875,-8.069693
factory_10,legacy,7.260504,6643.200684,-3.908330
factory_10,reference,0.336134,26.167307,-4.127681
factory_10,reference,0.806723,38.122353,-8.166996
factory_10,reference,1.882353,90.097488,-9.602429
factory_10,reference,3.025210,224.693970,-11.320744
factory_10,reference,4.235294,591.311096,-10.708674
factory_10,reference,5.983193,2392.252441,-1.864030
factory_10,reference,7.394958,7397.227539,-4.853814
factory_10,reference,7.932773,11371.962891,-4.904112
factory_11,legacy,0.403361,27.612442,-6.440380
factory_11,legacy,0.672269,34.236401,-6.842790
factory_11,legacy,0.873950,40.227730,-6.478567
factory_11,legacy,1.075630,47.267536,-6.052652
factory_11,legacy,1.546218,68.862625,-5.425151
factory_11,legacy,1.680672,76.678787,-5.429697
factory_11,legacy,3.025210,224.693970,-12.892931
factory_11,legacy,5.378151,1474.669678,-12.440463
factory_11,legacy,7.260504,6643.200684,-4.112979
factory_11,reference,0.336134,26.167307,-2.555208
factory_11,reference,0.470588,29.137390,-1.791573
factory_11,reference,1.680672,76.678787,-6.126488
factory_11,reference,2.621849,162.748337,-1.980559
factory_11,reference,2.823529,191.229095,-1.994465
factory_11,reference,4.100841,531.036560,-13.447923
factory_11,reference,7.462185,7805.752441,-6.386349
factory_2,legacy,0.336134,26.167307,-3.009407
factory_2,legacy,0.806723,38.122353,-5.371505
factory_2,legacy,1.546218,68.862625,-9.040731
factory_2,legacy,2.151261,111.710999,-9.052135
factory_2,legacy,2.420168,138.509369,-8.750463
factory_2,legacy,2.823529,191.229095,-8.993990
factory_2,legacy,3.294118,278.595856,-8.977781
factory_2,legacy,4.033614,503.244019,-6.350972
factory_2,legacy,4.571429,773.651001,-3.876695
factory_2,legacy,4.773109,909.038940,-2.329368
factory_2,legacy,5.310925,1397.490845,-8.568145
factory_2,legacy,5.983193,2392.252441,-9.143465
factory_2,legacy,6.117647,2663.781738,-8.604058
factory_2,legacy,6.588235,3880.782471,-7.990877
factory_2,legacy,7.058824,5653.793457,-6.160719
factory_2,legacy,7.596639,8691.733398,-3.463726
factory_2,reference,0.201681,23.499975,-7.595020
factory_2,reference,0.537815,30.746555,-7.771544
factory_2,reference,1.142857,49.877968,-9.070798
factory_2,reference,1.546218,68.862625,-5.879044
factory_2,reference,1.882353,90.097488,-3.539604
factory_2,reference,2.285714,124.390594,-11.877348
factory_2,reference,2.890756,201.790070,-10.547274
factory_2,reference,3.226891,264.015137,-9.952737
factory_2,reference,3.630252,364.505157,-9.201120
factory_2,reference,4.100841,531.036560,-9.003147
factory_2,reference,4.302521,623.967346,-9.940112
factory_2,reference,4.907563,1012.218079,-9.983458
factory_2,reference,5.714286,1929.406738,-6.326379
factory_2,reference,6.184874,2810.893799,-2.035686
factory_2,reference,6.453782,3485.199951,-2.001007
factory_2,reference,6.991597,5357.894531,-4.241510
factory_2,reference,7.596639,8691.733398,-5.128640
factory_3,legacy,1.680672,76.678787,-9.457094
factory_3,legacy,2.756303,181.220856,-9.571331
factory_3,legacy,3.764706,405.877808,-6.843217
factory_3,legacy,4.773109,909.038940,-2.260009
factory_3,legacy,5.243698,1324.351074,-0.954984
factory_3,legacy,6.117647,2663.781738,-9.659728
factory_3,legacy,6.655462,4095.105469,-8.030061
factory_3,reference,0.336134,26.167307,-4.371536
factory_3,reference,0.739496,36.127167,-7.846766
factory_3,reference,1.680672,76.678787,-5.551173
factory_3,reference,2.823529,191.229095,-11.043255
factory_3,reference,3.697479,384.635620,-10.851252
factory_3,reference,4.100841,531.036560,-10.645427
factory_3,reference,5.445378,1556.110962,-3.186363
factory_3,reference,7.798319,10212.776367,-4.415247
factory_4,legacy,0.336134,26.167307,-3.169479
factory_4,legacy,0.470588,29.137390,-3.095540
factory_4,legacy,1.008403,44.793720,-4.907244
factory_4,legacy,1.882353,90.097488,-7.631934
factory_4,legacy,2.554622,154.230667,-7.688324
factory_4,legacy,3.159664,250.197540,-7.702206
factory_4,legacy,4.100841,531.036560,-4.756835
factory_4,legacy,4.705883,861.463074,-2.364822
factory_4,legacy,5.042017,1127.108398,-1.997947
factory_4,legacy,5.579832,1732.735107,-6.180434
factory_4,legacy,6.319328,3129.940430,-7.944771
factory_4,legacy,6.789916,4559.914551,-6.798091
factory_4,reference,0.201681,23.499975,-6.390493
factory_4,reference,0.336134,26.167307,-6.696972
factory_4,reference,0.470588,29.137390,-6.895438
factory_4,reference,1.008403,44.793720,-2.401571
factory_4,reference,1.142857,49.877968,-2.408528
factory_4,reference,1.411765,61.843204,-2.303584
factory_4,reference,1.949580,95.073273,-6.018526
factory_4,reference,2.689076,171.736420,-8.452547
factory_4,reference,3.025210,224.693970,-8.232956
factory_4,reference,3.428571,310.217468,-8.211676
factory_4,reference,4.168067,560.364014,-7.573311
factory_4,reference,5.109244,1189.355103,-3.411389
factory_4,reference,7.663866,9171.750000,-4.803801
factory_5,legacy,0.201681,23.499975,-11.121008
factory_5,legacy,0.941177,42.449379,-7.616952
factory_5,legacy,1.277311,55.539299,-8.575903
factory_5,legacy,1.411765,61.843204,-8.083752
factory_5,legacy,2.285714,124.390594,-6.963551
factory_5,legacy,3.226891,264.015137,-5.972629
factory_5,legacy,4.168067,560.364014,-5.294903
factory_5,legacy,6.386555,3302.796875,-7.362343
factory_5,reference,0.336134,26.167307,-8.060194
factory_5,reference,1.075630,47.267536,-4.530252
factory_5,reference,1.277311,55.539299,-4.652082
factory_5,reference,1.478992,65.258606,-4.625181
factory_5,reference,1.613445,72.665695,-4.339365
factory_5,reference,1.882353,90.097488,-4.189788
factory_5,reference,2.151261,111.710999,-4.487326
factory_5,reference,2.621849,162.748337,-4.275833
factory_5,reference,3.226891,264.015137,-4.386533
factory_5,reference,3.495798,327.349792,-4.307003
factory_5,reference,4.302521,623.967346,-4.281995
factory_5,reference,5.310925,1397.490845,-3.989209
factory_6,legacy,0.470588,29.137390,-3.294566
factory_6,legacy,0.605042,32.444588,-3.257562
factory_6,legacy,1.344538,58.606552,-13.555879
factory_6,legacy,2.487395,146.158783,-12.436461
factory_6,legacy,3.159664,250.197540,-12.786626
factory_6,legacy,4.235294,591.311096,-6.208090
factory_6,legacy,4.571429,773.651001,-4.260249
factory_6,legacy,5.445378,1556.110962,-12.719836
factory_6,legacy,6.521008,3677.676025,-10.133461
factory_6,legacy,7.260504,6643.200684,-5.619936
factory_6,reference,0.470588,29.137390,-11.291862
factory_6,reference,0.941177,42.449379,-11.289719
factory_6,reference,1.546218,68.862625,-8.704713
factory_6,reference,2.084034,105.864441,-10.071070
factory_6,reference,2.621849,162.748337,-16.946117
factory_6,reference,3.159664,250.197540,-13.924835
factory_6,reference,3.831933,428.293121,-13.469915
factory_6,reference,4.705883,861.463074,-12.506226
factory_6,reference,5.042017,1127.108398,-12.464696
factory_6,reference,6.252101,2966.130371,-9.532939
factory_6,reference,7.193277,6295.519531,-6.366410
factory_7,legacy,0.201681,23.499975,-4.268482
factory_7,legacy,0.336134,26.167307,-4.080620
factory_7,legacy,0.470588,29.137390,-4.050095
factory_7,legacy,2.016807,100.323875,-7.114055
factory_7,legacy,2.689076,171.736420,-7.154889
factory_7,legacy,4.168067,560.364014,-3.684752
factory_7,legacy,6.453782,3485.199951,-6.710524
factory_7,reference,0.336134,26.167307,-5.332994
factory_7,reference,0.470588,29.137390,-4.978984
factory_7,reference,0.739496,36.127167,-4.327503
factory_7,reference,0.941177,42.449379,-3.612129
factory_7,reference,1.142857,49.877968,-3.205585
factory_7,reference,2.151261,111.710999,-6.319506
factory_7,reference,2.352941,131.260284,-6.246590
factory_7,reference,3.025210,224.693970,-7.518768
factory_7,reference,4.302521,623.967346,-4.572841
factory_7,reference,7.731092,9678.276367,-5.078102
factory_8,legacy,0.201681,23.499975,-3.628575
factory_8,legacy,0.470588,29.137390,-3.668193
factory_8,legacy,0.672269,34.236401,-3.912646
factory_8,legacy,0.873950,40.227730,-4.261322
factory_8,legacy,1.075630,47.267536,-4.584113
factory_8,legacy,1.344538,58.606552,-5.334848
factory_8,legacy,1.546218,68.862625,-6.295328
factory_8,legacy,1.747899,80.913506,-6.878651
factory_8,legacy,1.949580,95.073273,-7.189883
factory_8,legacy,2.218488,117.880432,-7.348074
factory_8,legacy,2.352941,131.260284,-7.337695
factory_8,legacy,2.554622,154.230667,-7.396486
factory_8,legacy,2.689076,171.736420,-7.416718
factory_8,legacy,2.957983,212.934280,-7.291418
factory_8,legacy,3.159664,250.197540,-6.984952
factory_8,legacy,3.361345,293.981812,-6.339772
factory_8,legacy,3.563025,345.428284,-5.280345
factory_8,legacy,3.831933,428.293121,-4.525771
factory_8,legacy,4.033614,503.244019,-3.983797
factory_8,legacy,4.235294,591.311096,-3.302615
factory_8,legacy,4.436975,694.789795,-2.615777
factory_8,legacy,4.773109,909.038940,-2.407743
factory_8,legacy,5.042017,1127.108398,-2.840706
factory_8,legacy,5.243698,1324.351074,-3.863177
factory_8,legacy,5.445378,1556.110962,-4.946969
factory_8,legacy,5.647059,1828.428467,-5.805556
factory_8,legacy,5.915967,2267.050537,-6.448973
factory_8,legacy,6.117647,2663.781738,-7.452536
factory_8,legacy,6.319328,3129.940430,-7.268991
factory_8,legacy,6.655462,4095.105469,-6.811327
factory_8,legacy,6.857143,4811.744141,-5.912776
factory_8,legacy,7.058824,5653.793457,-4.771221
factory_8,legacy,7.260504,6643.200684,-3.859671
factory_8,legacy,7.529412,8236.839844,-3.471765
factory_8,reference,0.134454,22.270071,-6.631370
factory_8,reference,0.336134,26.167307,-6.391520
factory_8,reference,0.537815,30.746555,-5.270724
factory_8,reference,0.806723,38.122353,-3.888562
factory_8,reference,1.008403,44.793720,-2.863958
factory_8,reference,1.142857,49.877968,-2.481674
factory_8,reference,1.344538,58.606552,-2.687489
factory_8,reference,1.546218,68.862625,-3.365783
factory_8,reference,1.747899,80.913506,-3.929997
factory_8,reference,2.016807,100.323875,-4.817078
factory_8,reference,2.218488,117.880432,-6.360155
factory_8,reference,2.420168,138.509369,-7.546575
factory_8,reference,2.621849,162.748337,-7.996081
factory_8,reference,2.823529,191.229095,-7.950365
factory_8,reference,3.025210,224.693970,-7.748322
factory_8,reference,3.159664,250.197540,-7.925369
factory_8,reference,3.361345,293.981812,-7.907410
factory_8,reference,3.630252,364.505157,-7.121492
factory_8,reference,3.831933,428.293121,-6.652894
factory_8,reference,4.033614,503.244019,-5.900289
factory_8,reference,4.235294,591.311096,-4.855124
factory_8,reference,4.436975,694.789795,-3.719107
factory_8,reference,4.705883,861.463074,-3.300570
factory_8,reference,4.907563,1012.218079,-2.864437
factory_8,reference,5.109244,1189.355103,-2.409429
factory_8,reference,5.310925,1397.490845,-2.061308
factory_8,reference,5.579832,1732.735107,-1.929028
factory_8,reference,5.915967,2267.050537,-2.002617
factory_8,reference,6.117647,2663.781738,-2.200687
factory_8,reference,6.319328,3129.940430,-2.452065
factory_8,reference,6.588235,3880.782471,-2.827111
factory_8,reference,6.789916,4559.914551,-3.293200
factory_8,reference,6.991597,5357.894531,-3.765774
factory_8,reference,7.663866,9171.750000,-4.719942
factory_8,reference,7.798319,10212.776367,-4.728625
factory_9,legacy,0.470588,29.137390,-3.956214
factory_9,legacy,1.478992,65.258606,-6.717050
factory_9,legacy,2.420168,138.509369,-7.165765
factory_9,legacy,3.294118,278.595856,-6.574034
factory_9,legacy,4.705883,861.463074,-3.250010
factory_9,legacy,5.647059,1828.428467,-5.877262
factory_9,legacy,6.521008,3677.676025,-6.614736
factory_9,reference,0.134454,22.270071,-5.546189
factory_9,reference,0.336134,26.167307,-5.264522
factory_9,reference,0.470588,29.137390,-5.222571
factory_9,reference,0.739496,36.127167,-4.750467
factory_9,reference,1.546218,68.862625,-4.520129
factory_9,reference,2.621849,162.748337,-7.586061
factory_9,reference,3.226891,264.015137,-7.535215
factory_9,reference,3.563025,345.428284,-7.532431
factory_9,reference,4.773109,909.038940,-4.480514
factory_9,reference,7.865546,10776.795898,-5.020551
