preset,mode,sine_level_db,thd_ratio,thd_db,alias_proxy_hf_db
factory_0,legacy,-24.000000,0.000809,-61.840988,-82.677536
factory_0,legacy,-18.000000,0.002390,-52.431240,-82.683037
factory_0,legacy,-12.000000,0.008143,-41.784088,-82.684555
factory_0,legacy,-6.000000,0.029500,-30.603523,-82.663574
factory_0,legacy,0.000000,0.080857,-21.845646,-82.418030
factory_0,reference,-24.000000,0.003464,-49.209648,-82.683609
factory_0,reference,-18.000000,0.008426,-41.487503,-82.684921
factory_0,reference,-12.000000,0.023437,-32.602036,-82.686142
factory_0,reference,-6.000000,0.067333,-23.435482,-82.489990
factory_0,reference,0.000000,0.128238,-17.839655,-81.995285
factory_1,legacy,-24.000000,0.000492,-66.160095,-82.683609
factory_1,legacy,-18.000000,0.001151,-58.777771,-82.686592
factory_1,legacy,-12.000000,0.004932,-46.139793,-82.688431
factory_1,legacy,-6.000000,0.023299,-32.653168,-82.526581
factory_1,legacy,0.000000,0.072058,-22.846401,-82.211700
factory_1,reference,-24.000000,0.009822,-40.155670,-82.679733
factory_1,reference,-18.000000,0.021347,-33.413414,-82.687248
factory_1,reference,-12.000000,0.046488,-26.653202,-82.680885
factory_1,reference,-6.000000,0.093721,-20.563236,-81.664787
factory_1,reference,0.000000,0.144689,-16.791296,-81.325745
factory_10,legacy,-24.000000,0.002281,-52.836678,-82.680061
factory_10,legacy,-18.000000,0.005123,-45.809517,-82.683990
factory_10,legacy,-12.000000,0.011754,-38.596333,-82.674225
factory_10,legacy,-6.000000,0.026973,-31.381510,-82.677170
factory_10,legacy,0.000000,0.064048,-23.869867,-82.529327
factory_10,reference,-24.000000,0.008427,-41.486530,-82.682167
factory_10,reference,-18.000000,0.018062,-34.864754,-82.690056
factory_10,reference,-12.000000,0.039368,-28.097151,-82.681084
factory_10,reference,-6.000000,0.078914,-22.056894,-82.504601
factory_10,reference,0.000000,0.136958,-17.268242,-82.156700
factory_11,legacy,-24.000000,0.000579,-64.748260,-82.684303
factory_11,legacy,-18.000000,0.003263,-49.728043,-82.684753
factory_11,legacy,-12.000000,0.015142,-36.396332,-82.683800
factory_11,legacy,-6.000000,0.040752,-27.797043,-82.685783
factory_11,legacy,0.000000,0.069871,-23.114031,-82.589256
factory_11,reference,-24.000000,0.033542,-29.488338,-82.686264
factory_11,reference,-18.000000,0.066286,-23.571545,-82.684746
factory_11,reference,-12.000000,0.099777,-20.019367,-82.686218
factory_11,reference,-6.000000,0.134920,-17.398506,-81.063805
factory_11,reference,0.000000,0.165534,-15.622254,-81.342934
factory_2,legacy,-24.000000,0.000935,-60.584839,-82.681999
factory_2,legacy,-18.000000,0.002233,-53.022957,-82.684364
factory_2,legacy,-12.000000,0.005930,-44.538666,-82.678482
factory_2,legacy,-6.000000,0.027180,-31.315153,-82.337631
factory_2,legacy,0.000000,0.080360,-21.899250,-82.160011
factory_2,reference,-24.000000,0.014002,-37.075954,-82.681458
factory_2,reference,-18.000000,0.029923,-30.480005,-82.682182
factory_2,reference,-12.000000,0.060625,-24.347023,-82.687477
factory_2,reference,-6.000000,0.102736,-19.765514,-81.028404
factory_2,reference,0.000000,0.135791,-17.342604,-81.240005
factory_3,legacy,-24.000000,0.000659,-63.626194,-82.684212
factory_3,legacy,-18.000000,0.002191,-53.186676,-82.686981
factory_3,legacy,-12.000000,0.008141,-41.785999,-82.691200
factory_3,legacy,-6.000000,0.030189,-30.403133,-82.684029
factory_3,legacy,0.000000,0.076596,-22.315901,-82.288902
factory_3,reference,-24.000000,0.001268,-57.940163,-82.684853
factory_3,reference,-18.000000,0.003629,-48.803078,-82.687050
factory_3,reference,-12.000000,0.013466,-37.415245,-82.680992
factory_3,reference,-6.000000,0.052147,-25.655487,-82.685982
factory_3,reference,0.000000,0.138568,-17.166731,-80.985580
factory_4,legacy,-24.000000,0.000344,-69.281174,-82.685921
factory_4,legacy,-18.000000,0.001335,-57.492378,-82.680702
factory_4,legacy,-12.000000,0.005386,-45.375099,-82.685112
factory_4,legacy,-6.000000,0.022009,-33.147865,-82.674484
factory_4,legacy,0.000000,0.073007,-22.732674,-82.151962
factory_4,reference,-24.000000,0.000391,-68.151520,-82.678734
factory_4,reference,-18.000000,0.001554,-56.168732,-82.680084
factory_4,reference,-12.000000,0.007069,-43.012547,-82.683075
factory_4,reference,-6.000000,0.031745,-29.966440,-82.685455
factory_4,reference,0.000000,0.102791,-19.760864,-81.871925
factory_5,legacy,-24.000000,0.002262,-52.911209,-82.680603
factory_5,legacy,-18.000000,0.005268,-45.567799,-82.683403
factory_5,legacy,-12.000000,0.014955,-36.504196,-82.683197
factory_5,legacy,-6.000000,0.052648,-25.572359,-82.683441
factory_5,legacy,0.000000,0.166465,-15.573548,-81.304459
factory_5,reference,-24.000000,0.003203,-49.888805,-82.685013
factory_5,reference,-18.000000,0.006596,-43.614140,-82.684616
factory_5,reference,-12.000000,0.015923,-35.959522,-82.680283
factory_5,reference,-6.000000,0.047672,-26.434706,-82.216454
factory_5,reference,0.000000,0.152998,-16.306301,-81.563347
factory_6,legacy,-24.000000,0.002205,-53.131233,-82.686523
factory_6,legacy,-18.000000,0.005341,-45.447845,-82.683907
factory_6,legacy,-12.000000,0.019123,-34.368725,-82.682320
factory_6,legacy,-6.000000,0.050531,-25.928913,-82.679008
factory_6,legacy,0.000000,0.082937,-21.625042,-82.626419
factory_6,reference,-24.000000,0.043840,-27.162554,-82.685860
factory_6,reference,-18.000000,0.084464,-21.466530,-82.681786
factory_6,reference,-12.000000,0.118469,-18.527889,-82.683777
factory_6,reference,-6.000000,0.125620,-18.018806,-82.092865
factory_6,reference,0.000000,0.123484,-18.167812,-82.063568
factory_7,legacy,-24.000000,0.000281,-71.032806,-82.682564
factory_7,legacy,-18.000000,0.001059,-59.505840,-82.679390
factory_7,legacy,-12.000000,0.004156,-47.627110,-82.685638
factory_7,legacy,-6.000000,0.016599,-35.598625,-82.680969
factory_7,legacy,0.000000,0.057113,-24.865231,-82.448677
factory_7,reference,-24.000000,0.000278,-71.115410,-82.680939
factory_7,reference,-18.000000,0.001150,-58.784977,-82.680397
factory_7,reference,-12.000000,0.005144,-45.774178,-82.681725
factory_7,reference,-6.000000,0.022787,-32.846199,-82.688660
factory_7,reference,0.000000,0.077998,-22.158371,-82.561180
factory_8,legacy,-24.000000,0.000410,-67.752075,-82.683365
factory_8,legacy,-18.000000,0.001436,-56.858757,-82.685059
factory_8,legacy,-12.000000,0.005486,-45.214424,-82.682571
factory_8,legacy,-6.000000,0.021644,-33.293221,-82.682205
factory_8,legacy,0.000000,0.069720,-23.132862,-82.267830
factory_8,reference,-24.000000,0.000536,-65.421646,-82.683151
factory_8,reference,-18.000000,0.001749,-55.143055,-82.686966
factory_8,reference,-12.000000,0.007328,-42.700287,-82.689903
factory_8,reference,-6.000000,0.031696,-29.979963,-82.689117
factory_8,reference,0.000000,0.100073,-19.993643,-82.221794
factory_9,legacy,-24.000000,0.000270,-71.376503,-82.676476
factory_9,legacy,-18.000000,0.001025,-59.784592,-82.680916
factory_9,legacy,-12.000000,0.004066,-47.815823,-82.681778
factory_9,legacy,-6.000000,0.016378,-35.714565,-82.688400
factory_9,legacy,0.000000,0.056973,-24.886692,-82.497070
factory_9,reference,-24.000000,0.000257,-71.805664,-82.685944
factory_9,reference,-18.000000,0.001079,-59.341446,-82.678291
factory_9,reference,-12.000000,0.004843,-46.297832,-82.679482
factory_9,reference,-6.000000,0.021678,-33.279491,-82.682541
factory_9,reference,0.000000,0.075331,-22.460497,-82.787582
