preset,signal,rms_before,rms_after,peak_before,peak_after,max_sample_delta,sha256_before,sha256_after
factory_0,guitar_like_out.wav,0.05984684716650877,0.05984684716650877,0.6665799021720886,0.6665799021720886,0.0,6999abee0dd68bc1728ef536f5cf01d1cbab07e175e088524806ddfd200c18f7,6999abee0dd68bc1728ef536f5cf01d1cbab07e175e088524806ddfd200c18f7
factory_0,impulse_out.wav,0.0030377022071776953,0.0030377022071776953,0.6239719986915588,0.6239719986915588,0.0,524bdecc484e5112ce31b741caf3a6d64cca8b83d416a4c2c3c31e6232ca96fc,524bdecc484e5112ce31b741caf3a6d64cca8b83d416a4c2c3c31e6232ca96fc
factory_0,log_sweep_out.wav,0.40262702483409113,0.40262702483409113,0.6783149838447571,0.6783149838447571,0.0,8385616265508c8ba9e8b08a5e225592a123c0e1050180eb5fe50aaaaf71e789,8385616265508c8ba9e8b08a5e225592a123c0e1050180eb5fe50aaaaf71e789
factory_0,sine_+0dB_out.wav,0.4078230431669007,0.4078230431669007,0.6870682835578918,0.6870682835578918,0.0,6df6a45a84468971af777f0bf552862fc815fe204ccea970ea201913c0a8ee4e,6df6a45a84468971af777f0bf552862fc815fe204ccea970ea201913c0a8ee4e
factory_0,sine_-12dB_out.wav,0.13009063215701525,0.13009063215701525,0.3288425803184509,0.3288425803184509,0.0,2775511f1b5627be0ff4bdf7715310d37cee159d1e595d8992f926c04ee549f7,2775511f1b5627be0ff4bdf7715310d37cee159d1e595d8992f926c04ee549f7
factory_0,sine_-18dB_out.wav,0.06555873642029098,0.06555873642029098,0.1685231775045395,0.1685231775045395,0.0,ec998ccb1b13ef7fdf5e766f748139a813c2b126b4c359fde576c49f18a29f89,ec998ccb1b13ef7fdf5e766f748139a813c2b126b4c359fde576c49f18a29f89
factory_0,sine_-24dB_out.wav,0.03271403917788241,0.03271403917788241,0.08345447480678558,0.08345447480678558,0.0,2352e85d7932e1178a2196f506e1e7a2c28fb34b40240ebd062bd060e43e72d3,2352e85d7932e1178a2196f506e1e7a2c28fb34b40240ebd062bd060e43e72d3
factory_0,sine_-6dB_out.wav,0.24367877263096868,0.24367877263096868,0.5439852476119995,0.5439852476119995,0.0,cdfe47da72c505f81339193e990d471497641b699de10f418d8a9399bfda4091,cdfe47da72c505f81339193e990d471497641b699de10f418d8a9399bfda4091
factory_1,guitar_like_out.wav,0.06196748996891534,0.06196748996891534,0.6677283048629761,0.6677283048629761,0.0,b01f52ee7fb6eaa32d95f4d120595a770cef480a4512f299ebbe71197726b4bb,b01f52ee7fb6eaa32d95f4d120595a770cef480a4512f299ebbe71197726b4bb
factory_1,impulse_out.wav,0.0029599564336172056,0.0029599564336172056,0.6024913191795349,0.6024913191795349,0.0,933bc41bf942db6c286055a69b6cb6b4968e8d891eb25e8e285e87e724d2888f,933bc41bf942db6c286055a69b6cb6b4968e8d891eb25e8e285e87e724d2888f
factory_1,log_sweep_out.wav,0.3927418276730269,0.3927418276730269,0.6783187985420227,0.6783187985420227,0.0,c0de3fb5d3846d7e67c30077b3704d18db78bf1ca13ff268b7b6029f6d18f44d,c0de3fb5d3846d7e67c30077b3704d18db78bf1ca13ff268b7b6029f6d18f44d
factory_1,sine_+0dB_out.wav,0.3911099690520654,0.3911099690520654,0.6873587965965271,0.6873587965965271,0.0,3c52ab1d120d2d1719a2e89578ee633a52d5c3bbe18973e81b7ac73d8d1ee666,3c52ab1d120d2d1719a2e89578ee633a52d5c3bbe18973e81b7ac73d8d1ee666
factory_1,sine_-12dB_out.wav,0.1317858837876908,0.1317858837876908,0.3603793978691101,0.3603793978691101,0.0,0043439aa83de6643846ecafbbefb9296725bca119090a6367698d8d1658a977,0043439aa83de6643846ecafbbefb9296725bca119090a6367698d8d1658a977
factory_1,sine_-18dB_out.wav,0.06684673093874204,0.06684673093874204,0.18834082782268524,0.18834082782268524,0.0,bc6cdc99dcbf89ade0414926d2bc2e98f8ff7379966166568e2bdac34b5ab892,bc6cdc99dcbf89ade0414926d2bc2e98f8ff7379966166568e2bdac34b5ab892
factory_1,sine_-24dB_out.wav,0.033354124711395136,0.033354124711395136,0.0930965393781662,0.0930965393781662,0.0,842e48e025e380ea652fcf0832dde32dbd4f2ae5bfbdf2b10ee0a12cacd4789b,842e48e025e380ea652fcf0832dde32dbd4f2ae5bfbdf2b10ee0a12cacd4789b
factory_1,sine_-6dB_out.wav,0.2397570155752894,0.2397570155752894,0.5608534216880798,0.5608534216880798,0.0,d8e5c0d3eef6c74c033a40d77ddbff467e13ba77b95141a895ae6efeb23f8b98,d8e5c0d3eef6c74c033a40d77ddbff467e13ba77b95141a895ae6efeb23f8b98
factory_10,guitar_like_out.wav,0.05365273959287266,0.05365273959287266,0.6478739380836487,0.6478739380836487,0.0,9b894c4f72cb39674ef52c53215ba055027268bdf5546514a321e2a3277d390d,9b894c4f72cb39674ef52c53215ba055027268bdf5546514a321e2a3277d390d
factory_10,impulse_out.wav,0.0027614892454663463,0.0027614892454663463,0.5702295899391174,0.5702295899391174,0.0,1e8e7017ec51adc0a8de82d8ef632c1a88d43aeeff1196be8e4a6647467a23e6,1e8e7017ec51adc0a8de82d8ef632c1a88d43aeeff1196be8e4a6647467a23e6
factory_10,log_sweep_out.wav,0.3858107746884418,0.3858107746884418,0.6559767723083496,0.6559767723083496,0.0,875d6593198e35c54e3551b2f1c5b606c6a13768f3e4588dbbdc90ccf7c373d7,875d6593198e35c54e3551b2f1c5b606c6a13768f3e4588dbbdc90ccf7c373d7
factory_10,sine_+0dB_out.wav,0.4002117420700643,0.4002117420700643,0.690312922000885,0.690312922000885,0.0,dd2261441bffad00bb076d30fdf1b3aaeb2b5598b223e17c8ad7ac4b864fb732,dd2261441bffad00bb076d30fdf1b3aaeb2b5598b223e17c8ad7ac4b864fb732
factory_10,sine_-12dB_out.wav,0.12960746953256372,0.12960746953256372,0.3182084262371063,0.3182084262371063,0.0,8aa3a0090b08df1a03e595a7362c3b6722c404194275e647c5db50f57d0cb588,8aa3a0090b08df1a03e595a7362c3b6722c404194275e647c5db50f57d0cb588
factory_10,sine_-18dB_out.wav,0.0652442264353944,0.0652442264353944,0.159756600856781,0.159756600856781,0.0,5e5bf3a11709fc20795270edd0ae88cbe84e0cf9864d1356bd040270e9f31a41,5e5bf3a11709fc20795270edd0ae88cbe84e0cf9864d1356bd040270e9f31a41
factory_10,sine_-24dB_out.wav,0.03253713126904792,0.03253713126904792,0.07840373367071152,0.07840373367071152,0.0,2bd3935b07ac23d67f8b44a39c59a2b26c32c9a82408311e01ec2010d5850878,2bd3935b07ac23d67f8b44a39c59a2b26c32c9a82408311e01ec2010d5850878
factory_10,sine_-6dB_out.wav,0.24232466625637344,0.24232466625637344,0.5379573702812195,0.5379573702812195,0.0,353b0a19473c7e574f908b50c6f4ab4193506a9d26a67f2e0d7ccf671e1ca875,353b0a19473c7e574f908b50c6f4ab4193506a9d26a67f2e0d7ccf671e1ca875
factory_11,guitar_like_out.wav,0.06207982717982054,0.06207982717982054,0.6492836475372314,0.6492836475372314,0.0,5eb30a8fd190308732444e0ce9031361d7007b6caac76b2f1f223dc904259643,5eb30a8fd190308732444e0ce9031361d7007b6caac76b2f1f223dc904259643
factory_11,impulse_out.wav,0.002704386152468256,0.002704386152468256,0.4955756664276123,0.4955756664276123,0.0,cb163339afed260b962f718d3252e70313e3c463541db9ba44714f5e8b023f0e,cb163339afed260b962f718d3252e70313e3c463541db9ba44714f5e8b023f0e
factory_11,log_sweep_out.wav,0.41446154974402,0.41446154974402,0.653863787651062,0.653863787651062,0.0,663873d9221db1e77fc67a2e98dd5f20da3722453f858bb7baacc0c88f93108d,663873d9221db1e77fc67a2e98dd5f20da3722453f858bb7baacc0c88f93108d
factory_11,sine_+0dB_out.wav,0.4245492868942198,0.4245492868942198,0.6785194277763367,0.6785194277763367,0.0,d9e2c1f96791aea49bb667e887967ef4288a7d250de7b1c9e9d9e1a3fea38a8d,d9e2c1f96791aea49bb667e887967ef4288a7d250de7b1c9e9d9e1a3fea38a8d
factory_11,sine_-12dB_out.wav,0.15289258269252762,0.15289258269252762,0.36430349946022034,0.36430349946022034,0.0,3eb49f7a8743cb229a5199a941d3dfb3b382ee946db7219325715b54dd73a592,3eb49f7a8743cb229a5199a941d3dfb3b382ee946db7219325715b54dd73a592
factory_11,sine_-18dB_out.wav,0.07742651398014352,0.07742651398014352,0.19604332745075226,0.19604332745075226,0.0,8af9aeef0f747413cd971435129aea01376d3e571db3412c2a37739dfd581125,8af9aeef0f747413cd971435129aea01376d3e571db3412c2a37739dfd581125
factory_11,sine_-24dB_out.wav,0.03861928691083174,0.03861928691083174,0.09669395536184311,0.09669395536184311,0.0,4505a38c0ded6121f776c25a43830bb16c19702793e82eb9673601f5f64fea84,4505a38c0ded6121f776c25a43830bb16c19702793e82eb9673601f5f64fea84
factory_11,sine_-6dB_out.wav,0.27524308131822983,0.27524308131822983,0.5387393832206726,0.5387393832206726,0.0,d254b94ee2a8e1f13beed0bf49995412fb1cb8df049f0d88a7b9cb4f16bb717a,d254b94ee2a8e1f13beed0bf49995412fb1cb8df049f0d88a7b9cb4f16bb717a
factory_2,guitar_like_out.wav,0.0657918006368054,0.0657918006368054,0.6260522603988647,0.6260522603988647,0.0,c32519a19679492721d0f20e4d4e579ac50b2dbc86e7f485c6e8c295100b1b5e,c32519a19679492721d0f20e4d4e579ac50b2dbc86e7f485c6e8c295100b1b5e
factory_2,impulse_out.wav,0.0028862958838664784,0.0028862958838664784,0.5853056311607361,0.5853056311607361,0.0,748ecc73f49c66e3faa73893f059e73b3586d4ca2910c7a09c1eaae0c0c2423b,748ecc73f49c66e3faa73893f059e73b3586d4ca2910c7a09c1eaae0c0c2423b
factory_2,log_sweep_out.wav,0.38463121011842527,0.38463121011842527,0.6634202599525452,0.6634202599525452,0.0,e5fef5dff21f91f0da5f97ee9911713fccb13d16d2937234d96c1102693d0ca5,e5fef5dff21f91f0da5f97ee9911713fccb13d16d2937234d96c1102693d0ca5
factory_2,sine_+0dB_out.wav,0.3858264367828238,0.3858264367828238,0.6819648146629333,0.6819648146629333,0.0,534497875fd4ccfca11f34df9cefdb12e79314ed13d53a9367bb260a7f14c692,534497875fd4ccfca11f34df9cefdb12e79314ed13d53a9367bb260a7f14c692
factory_2,sine_-12dB_out.wav,0.11631930620650449,0.11631930620650449,0.33920761942863464,0.33920761942863464,0.0,3405f0b0ea36fcd8c7fe5cdff1510c576911562cba6738f2e4d0727d2923b72c,3405f0b0ea36fcd8c7fe5cdff1510c576911562cba6738f2e4d0727d2923b72c
factory_2,sine_-18dB_out.wav,0.05879356375935826,0.05879356375935826,0.1761568784713745,0.1761568784713745,0.0,6d68b274c540b5cbecb4040d45f6d3018553b6bbca3b1a2d3eb890b8c8152c5e,6d68b274c540b5cbecb4040d45f6d3018553b6bbca3b1a2d3eb890b8c8152c5e
factory_2,sine_-24dB_out.wav,0.02943663563957781,0.02943663563957781,0.08624472469091415,0.08624472469091415,0.0,1f89b59a3c4ade39973b1983659e359ac75ebf7d9129343fc33f4a3326e1cdbd,1f89b59a3c4ade39973b1983659e359ac75ebf7d9129343fc33f4a3326e1cdbd
factory_2,sine_-6dB_out.wav,0.21991047515599024,0.21991047515599024,0.5280026793479919,0.5280026793479919,0.0,d59468bf4d1b1eeca8d950c34a69c8f7de3d76c74168f3a03cfa5b3fff811b31,d59468bf4d1b1eeca8d950c34a69c8f7de3d76c74168f3a03cfa5b3fff811b31
factory_3,guitar_like_out.wav,0.08013016905827235,0.08013016905827235,0.6562439799308777,0.6562439799308777,0.0,174429aa8d4e667f7aaa35972d68328bf44c3bcd025a7f3517ff9e0f5b0ec31e,174429aa8d4e667f7aaa35972d68328bf44c3bcd025a7f3517ff9e0f5b0ec31e
factory_3,impulse_out.wav,0.0028026792369027385,0.0028026792369027385,0.5815395712852478,0.5815395712852478,0.0,d341ee8cadeb01ad3dbe98dfd63c6e2bc9f7f43cea1b14e0a9cbeaae8046042d,d341ee8cadeb01ad3dbe98dfd63c6e2bc9f7f43cea1b14e0a9cbeaae8046042d
factory_3,log_sweep_out.wav,0.42783109362387245,0.42783109362387245,0.6831290125846863,0.6831290125846863,0.0,4e93e61b2e314bb3481e3c9acc727062c3df900ec0bf05feebb2090187091a2b,4e93e61b2e314bb3481e3c9acc727062c3df900ec0bf05feebb2090187091a2b
factory_3,sine_+0dB_out.wav,0.3927984990565628,0.3927984990565628,0.6820551753044128,0.6820551753044128,0.0,47e8c38ab6163915301b285d55bd028af0dc5b52e0e30ed4b6cc6615425596b3,47e8c38ab6163915301b285d55bd028af0dc5b52e0e30ed4b6cc6615425596b3
factory_3,sine_-12dB_out.wav,0.11960287243544405,0.11960287243544405,0.28043845295906067,0.28043845295906067,0.0,32e78bfecddfaa8d6937cda842e4e6ae19bc111765b1eb8242aa29feaff7dbd3,32e78bfecddfaa8d6937cda842e4e6ae19bc111765b1eb8242aa29feaff7dbd3
factory_3,sine_-18dB_out.wav,0.060193466720162535,0.060193466720162535,0.1417020857334137,0.1417020857334137,0.0,5723fef404b00b36696f93c78cda37aa39805fec365452cc475b6c934a31dd35,5723fef404b00b36696f93c78cda37aa39805fec365452cc475b6c934a31dd35
factory_3,sine_-24dB_out.wav,0.030103533626576414,0.030103533626576414,0.07034570723772049,0.07034570723772049,0.0,b45c1d8bc7d151fd5fd5c1632f5c25f8750502c13bc019039cc70b9fc88915d4,b45c1d8bc7d151fd5fd5c1632f5c25f8750502c13bc019039cc70b9fc88915d4
factory_3,sine_-6dB_out.wav,0.22833439896676128,0.22833439896676128,0.4956606328487396,0.4956606328487396,0.0,88ce2f8e13a5e1c07094fbf8a8ce8108b353250599f7337fa9e6e8ac1f5677d3,88ce2f8e13a5e1c07094fbf8a8ce8108b353250599f7337fa9e6e8ac1f5677d3
factory_4,guitar_like_out.wav,0.06189070903613948,0.06189070903613948,0.5621601343154907,0.5621601343154907,0.0,a5bbc072ad68e60a03677ea323c8056c6d7006f7e0d7dc030e77120254d9471c,a5bbc072ad68e60a03677ea323c8056c6d7006f7e0d7dc030e77120254d9471c
factory_4,impulse_out.wav,0.003121626903387996,0.003121626903387996,0.6479602456092834,0.6479602456092834,0.0,cd9453c50b92099a45e5140559684ca526ae8d37c91ecf7e8f35aa26a508e32c,cd9453c50b92099a45e5140559684ca526ae8d37c91ecf7e8f35aa26a508e32c
factory_4,log_sweep_out.wav,0.38324871636502367,0.38324871636502367,0.6124658584594727,0.6124658584594727,0.0,58a8ea038c7491c5cf0a06e967c252144bb6b0faf1acfa1d81a55dcd78abdc20,58a8ea038c7491c5cf0a06e967c252144bb6b0faf1acfa1d81a55dcd78abdc20
factory_4,sine_+0dB_out.wav,0.36623421019124214,0.36623421019124214,0.6558288931846619,0.6558288931846619,0.0,411991647c7bf9b6efec7c59fcd6dd80cdf484d52b7ee1ffbeb9cce2c4fb1d19,411991647c7bf9b6efec7c59fcd6dd80cdf484d52b7ee1ffbeb9cce2c4fb1d19
factory_4,sine_-12dB_out.wav,0.10261619778300014,0.10261619778300014,0.24174991250038147,0.24174991250038147,0.0,666c3d6faf38af5761353d039f5d2c4a0bf706163bf86989481938ec3fc159ea,666c3d6faf38af5761353d039f5d2c4a0bf706163bf86989481938ec3fc159ea
factory_4,sine_-18dB_out.wav,0.05190853890834274,0.05190853890834274,0.12209673970937729,0.12209673970937729,0.0,e488d199a4935e48cafd63b3eb420ee3cbf09406a0eaf381b91516f9b1672072,e488d199a4935e48cafd63b3eb420ee3cbf09406a0eaf381b91516f9b1672072
factory_4,sine_-24dB_out.wav,0.026105154988859326,0.026105154988859326,0.06084521487355232,0.06084521487355232,0.0,22b3082677d8dfe479823d677b9e240825b1314c7d060af90e13d28da87db254,22b3082677d8dfe479823d677b9e240825b1314c7d060af90e13d28da87db254
factory_4,sine_-6dB_out.wav,0.19889629742915912,0.19889629742915912,0.44199395179748535,0.44199395179748535,0.0,4447777634bd3d8f4209f011f0a6f36fec2eefb0ca9f4a8733a50ef46ef3fe12,4447777634bd3d8f4209f011f0a6f36fec2eefb0ca9f4a8733a50ef46ef3fe12
factory_5,guitar_like_out.wav,0.07566773300739274,0.07566773300739274,0.6153333187103271,0.6153333187103271,0.0,5e8bc588bc4a30ae765c18e4b7006479a37b7068136bb6ed514f72702996a5f6,5e8bc588bc4a30ae765c18e4b7006479a37b7068136bb6ed514f72702996a5f6
factory_5,impulse_out.wav,0.0012078950085663333,0.0012078950085663333,0.19038641452789307,0.19038641452789307,0.0,579615fd73e78ad0c7b65d55a0fc06e7aeca82748b7998357369025f2057f185,579615fd73e78ad0c7b65d55a0fc06e7aeca82748b7998357369025f2057f185
factory_5,log_sweep_out.wav,0.33674991490382894,0.33674991490382894,0.5879528522491455,0.5879528522491455,0.0,87f62dc6e6ab5203c5f97b2e88bc8558322b9bc465fa6e3a0756a41fa8e8c8bb,87f62dc6e6ab5203c5f97b2e88bc8558322b9bc465fa6e3a0756a41fa8e8c8bb
factory_5,sine_+0dB_out.wav,0.4020620900767617,0.4020620900767617,0.6342726349830627,0.6342726349830627,0.0,7879c55f57eda84be539ff3f7a0491f17fe95b7194662862eb967233444e95b7,7879c55f57eda84be539ff3f7a0491f17fe95b7194662862eb967233444e95b7
factory_5,sine_-12dB_out.wav,0.14132640884904357,0.14132640884904357,0.25975021719932556,0.25975021719932556,0.0,86682f1d13ca2897337712affce9a6290779d4aff7fca4fb916b8d166e9387a8,86682f1d13ca2897337712affce9a6290779d4aff7fca4fb916b8d166e9387a8
factory_5,sine_-18dB_out.wav,0.06820013366115972,0.06820013366115972,0.12629583477973938,0.12629583477973938,0.0,78fb85b57c8ecf2439aa157d632aa05b7fdca5b00406253e451925a39eccf938,78fb85b57c8ecf2439aa157d632aa05b7fdca5b00406253e451925a39eccf938
factory_5,sine_-24dB_out.wav,0.03311989946178575,0.03311989946178575,0.060942746698856354,0.060942746698856354,0.0,0007f2add0de98cc55b2a624ff58d36412fd7d73acdd3f56743b3e747d89950b,0007f2add0de98cc55b2a624ff58d36412fd7d73acdd3f56743b3e747d89950b
factory_5,sine_-6dB_out.wav,0.2743061661047849,0.2743061661047849,0.4699890613555908,0.4699890613555908,0.0,b668499941b35678db4d74436a026d25dde32cf9c91a6aca5ddb1e8efeb5b249,b668499941b35678db4d74436a026d25dde32cf9c91a6aca5ddb1e8efeb5b249
factory_6,guitar_like_out.wav,0.05735174318652965,0.05735174318652965,0.6281573176383972,0.6281573176383972,0.0,13d2c0bf0127d60694bec9362e7521ff1387178807be87596c68252ace790caa,13d2c0bf0127d60694bec9362e7521ff1387178807be87596c68252ace790caa
factory_6,impulse_out.wav,0.0027594642880262505,0.0027594642880262505,0.5267691016197205,0.5267691016197205,0.0,2a3f008f3b7aca71575ed6dadbcd28ec0415de25fa059e9de54c3be481cfc7be,2a3f008f3b7aca71575ed6dadbcd28ec0415de25fa059e9de54c3be481cfc7be
factory_6,log_sweep_out.wav,0.3385495844660142,0.3385495844660142,0.6477617621421814,0.6477617621421814,0.0,f0576127008f40e612fdb28950a7ecb3f1378a60702ba54a22bd84fa95364d32,f0576127008f40e612fdb28950a7ecb3f1378a60702ba54a22bd84fa95364d32
factory_6,sine_+0dB_out.wav,0.4030935632445434,0.4030935632445434,0.6818683743476868,0.6818683743476868,0.0,21cf9869e001e19cc9da1033583cc358f3fd5393268bc0eac275869df2fbeb79,21cf9869e001e19cc9da1033583cc358f3fd5393268bc0eac275869df2fbeb79
factory_6,sine_-12dB_out.wav,0.1587212524727984,0.1587212524727984,0.4299193322658539,0.4299193322658539,0.0,e8d44b812a33c23506f67d24d625125fe3eaa43166e7f0c548e3235901f41e58,e8d44b812a33c23506f67d24d625125fe3eaa43166e7f0c548e3235901f41e58
factory_6,sine_-18dB_out.wav,0.0910480793505254,0.0910480793505254,0.2921597957611084,0.2921597957611084,0.0,1656b7aebde80c17112aedf63d452bdae71411b0d94f3cab866168f63919fbdb,1656b7aebde80c17112aedf63d452bdae71411b0d94f3cab866168f63919fbdb
factory_6,sine_-24dB_out.wav,0.04938194290649962,0.04938194290649962,0.1687382459640503,0.1687382459640503,0.0,6bef95eb06859bd9939d7ea24b0582864b9fd299fd1e874a9905c421fad23648,6bef95eb06859bd9939d7ea24b0582864b9fd299fd1e874a9905c421fad23648
factory_6,sine_-6dB_out.wav,0.26332472273417434,0.26332472273417434,0.5562352538108826,0.5562352538108826,0.0,44d51caa6d7605cca06d185d7ee8a53f6d7738cdad77601043d47961fd8dfb60,44d51caa6d7605cca06d185d7ee8a53f6d7738cdad77601043d47961fd8dfb60
factory_7,guitar_like_out.wav,0.05397160417324826,0.05397160417324826,0.5451865792274475,0.5451865792274475,0.0,021506dc8558f0fc3e0f3fb9603da5b7941b6b77c735fbd3e321ee8b233b1ebc,021506dc8558f0fc3e0f3fb9603da5b7941b6b77c735fbd3e321ee8b233b1ebc
factory_7,impulse_out.wav,0.003218885577290838,0.003218885577290838,0.6729782819747925,0.6729782819747925,0.0,09d8d970fc7e9750391fb13bedb47abef01d7a344c54458f376db0c05a0835e2,09d8d970fc7e9750391fb13bedb47abef01d7a344c54458f376db0c05a0835e2
factory_7,log_sweep_out.wav,0.3523241525445911,0.3523241525445911,0.5449100732803345,0.5449100732803345,0.0,645c98105ff5164743ec10479de9efb868f4c4533e5aa174c45d97cb1a709a3a,645c98105ff5164743ec10479de9efb868f4c4533e5aa174c45d97cb1a709a3a
factory_7,sine_+0dB_out.wav,0.37995835081749313,0.37995835081749313,0.6864093542098999,0.6864093542098999,0.0,e7aee18f862a85b7d8c2e60baa86d4b2f8edf2ad4072cfa0c3bc59b9bce90d02,e7aee18f862a85b7d8c2e60baa86d4b2f8edf2ad4072cfa0c3bc59b9bce90d02
factory_7,sine_-12dB_out.wav,0.10628738950220837,0.10628738950220837,0.251567006111145,0.251567006111145,0.0,b0031890fdf8eda11994b246fb19a552cd07dc5afe38aa99bfa535f8050f898a,b0031890fdf8eda11994b246fb19a552cd07dc5afe38aa99bfa535f8050f898a
factory_7,sine_-18dB_out.wav,0.05360596079473376,0.05360596079473376,0.12803545594215393,0.12803545594215393,0.0,912cd00ed94ece923f9d34a073de491ba29dd2f8f279e71d6ee5bdcbf7d6730d,912cd00ed94ece923f9d34a073de491ba29dd2f8f279e71d6ee5bdcbf7d6730d
factory_7,sine_-24dB_out.wav,0.0269139102986977,0.0269139102986977,0.06416507810354233,0.06416507810354233,0.0,c6e54e8292e4cdc7eb4a8636a84e6cb8e6a561e3b32eb437e4950eb7c5072c0c,c6e54e8292e4cdc7eb4a8636a84e6cb8e6a561e3b32eb437e4950eb7c5072c0c
factory_7,sine_-6dB_out.wav,0.2070391878482509,0.2070391878482509,0.4596323072910309,0.4596323072910309,0.0,8d44bed921aa1a482e672622774e4ec87f63e22ad351056a778e8c3bde3adbc6,8d44bed921aa1a482e672622774e4ec87f63e22ad351056a778e8c3bde3adbc6
factory_8,guitar_like_out.wav,0.06191014973543483,0.06191014973543483,0.5771291851997375,0.5771291851997375,0.0,6f188f52a704a07d2138a16607a1bd423691158f34efe77755087fba02e0074f,6f188f52a704a07d2138a16607a1bd423691158f34efe77755087fba02e0074f
factory_8,impulse_out.wav,0.0030822168379243354,0.0030822168379243354,0.6420029997825623,0.6420029997825623,0.0,fc0a88d2736ac7201083df7682951a110889ca7169369a6c29129d08269f22a3,fc0a88d2736ac7201083df7682951a110889ca7169369a6c29129d08269f22a3
factory_8,log_sweep_out.wav,0.3819174998951782,0.3819174998951782,0.6022674441337585,0.6022674441337585,0.0,af92c347b1915369368835935b5ae88d599620cd8910761305e40b9a1fb43a48,af92c347b1915369368835935b5ae88d599620cd8910761305e40b9a1fb43a48
factory_8,sine_+0dB_out.wav,0.3734982301630567,0.3734982301630567,0.6527536511421204,0.6527536511421204,0.0,34f3d14af874a4e5468507ba073010b8e73802dedabdb95cb014283e198c73a7,34f3d14af874a4e5468507ba073010b8e73802dedabdb95cb014283e198c73a7
factory_8,sine_-12dB_out.wav,0.10319821943755461,0.10319821943755461,0.2397264540195465,0.2397264540195465,0.0,3d1cd6d29ebf8eaf2d2cddf2d07cd5a44206eb4eeffcde2e566aeeb761412a9d,3d1cd6d29ebf8eaf2d2cddf2d07cd5a44206eb4eeffcde2e566aeeb761412a9d
factory_8,sine_-18dB_out.wav,0.05221853925792726,0.05221853925792726,0.12185940891504288,0.12185940891504288,0.0,9d9e986f04fb7e426c028b98cc2dd510f2bd5bbb2fcbae9f9dc2b98f6eab624e,9d9e986f04fb7e426c028b98cc2dd510f2bd5bbb2fcbae9f9dc2b98f6eab624e
factory_8,sine_-24dB_out.wav,0.026273066856721327,0.026273066856721327,0.06096324324607849,0.06096324324607849,0.0,bc1cb2cc07fcd1b1d7a50501d37afbf1e939a47b5691501a8054de9c64e9488f,bc1cb2cc07fcd1b1d7a50501d37afbf1e939a47b5691501a8054de9c64e9488f
factory_8,sine_-6dB_out.wav,0.2005987043266113,0.2005987043266113,0.43596145510673523,0.43596145510673523,0.0,9d65ac0948ad447d125f84c7c65c10c1a2c1042d8ead635b07556b6dd94ff1f0,9d65ac0948ad447d125f84c7c65c10c1a2c1042d8ead635b07556b6dd94ff1f0
factory_9,guitar_like_out.wav,0.05440270718462893,0.05440270718462893,0.55237877368927,0.55237877368927,0.0,958b968a4c688c85bfe7d9fc8ca26b06fc0cf7ddbe1eadb149e99d136d26114e,958b968a4c688c85bfe7d9fc8ca26b06fc0cf7ddbe1eadb149e99d136d26114e
factory_9,impulse_out.wav,0.0030611739257997285,0.0030611739257997285,0.6403481960296631,0.6403481960296631,0.0,bf3e3424f07a67fb2c75a5aa17e31876bac4c1b8cfaaa052a446899606105767,bf3e3424f07a67fb2c75a5aa17e31876bac4c1b8cfaaa052a446899606105767
factory_9,log_sweep_out.wav,0.3515670871870845,0.3515670871870845,0.5478532910346985,0.5478532910346985,0.0,b596c13e7bab2574bd1fe2f616e7e89b72f9dafc733596daf243ec4592918d76,b596c13e7bab2574bd1fe2f616e7e89b72f9dafc733596daf243ec4592918d76
factory_9,sine_+0dB_out.wav,0.36572699863186203,0.36572699863186203,0.6632307171821594,0.6632307171821594,0.0,770ae3a03f7ed8f5d6348812a5356e69bfc2ecfbe464ce5b287c3f6ef38b658a,770ae3a03f7ed8f5d6348812a5356e69bfc2ecfbe464ce5b287c3f6ef38b658a
factory_9,sine_-12dB_out.wav,0.10152256400036287,0.10152256400036287,0.23445649445056915,0.23445649445056915,0.0,2c7ed096f9a3ee2e25248db0fbee95c9c5a3fbdfed69e01d4f935b53b7e25e96,2c7ed096f9a3ee2e25248db0fbee95c9c5a3fbdfed69e01d4f935b53b7e25e96
factory_9,sine_-18dB_out.wav,0.051351963631987525,0.051351963631987525,0.11892954260110855,0.11892954260110855,0.0,c7c143c770e9765a1486a067e6993884f6ce626e96aad4d752cf05778f3aa022,c7c143c770e9765a1486a067e6993884f6ce626e96aad4d752cf05778f3aa022
factory_9,sine_-24dB_out.wav,0.025828737521301208,0.025828737521301208,0.05955054238438606,0.05955054238438606,0.0,50f4ed7ef028d6792b53a198dd5c665f7644c9dd9b470fee3a5dd601fd20cf40,50f4ed7ef028d6792b53a198dd5c665f7644c9dd9b470fee3a5dd601fd20cf40
factory_9,sine_-6dB_out.wav,0.19730897767029,0.19730897767029,0.4333302974700928,0.4333302974700928,0.0,ab455cc0eb23d263d98ff4c31e286194ce795e534fbf7d320e7553498d892e3e,ab455cc0eb23d263d98ff4c31e286194ce795e534fbf7d320e7553498d892e3e
