mode,preset,signal,sha256
reference,factory_0,guitar_like_out.wav,6f13888e69c177429e296e619d4b03c82db3e571e874d3cb59b0517edab7bd23
reference,factory_0,impulse_out.wav,8ab16a19a1906f9c12b254da883b566bf942e30fb4e7054ab80b7d86279d32e2
reference,factory_0,log_sweep_out.wav,9c0ef7e1dc75eeeec7021178ac45fd9c3f39f81fd7b06398be3dd1b8126397a8
reference,factory_0,sine_+0dB_out.wav,857ebd6807ce2418606b900e818473b284a73e668a1c327f3c35301e15df6a98
reference,factory_0,sine_-12dB_out.wav,97ce851c76adf22305d6b3130e93d77a052ecc5127168bef207ca5f0a7ae6e2e
reference,factory_0,sine_-18dB_out.wav,7e0af42b2151f5a2f64d5ef46e7ab211e7d4c5f8fd4d4b9ee6fd0fabc25076ba
reference,factory_0,sine_-24dB_out.wav,afae7f2dbecb4186e757831455ea8cfd3a36eabca74504739b92b01854ef889c
reference,factory_0,sine_-6dB_out.wav,f38ddf2baeb3834f3f73c6b21dcc73feb45d4976b922003fa280d019ba88840d
reference,factory_1,guitar_like_out.wav,2f56a692acd8b04965c80078763cb61cfd09582766a7b8ca07036dad260b94b6
reference,factory_1,impulse_out.wav,845131e4190c0f2bbe40cfbe9f5dd29b1a320beaeb972f8d243023c682f15322
reference,factory_1,log_sweep_out.wav,0daf47b08d1727c3995ec9e3c4569e991d53fac227adc8e69122c04d7cd45a0c
reference,factory_1,sine_+0dB_out.wav,99204f94b2f0ebed7ed9606a716290cde68f57780d33acc69d816064639fff4b
reference,factory_1,sine_-12dB_out.wav,bd789630e878e99c0515a35c5c6c999d96fac5ceb2fa0694bbbe4e2a0afdd0d7
reference,factory_1,sine_-18dB_out.wav,7ca363a41d156b2ab62a13778bc2714b0d259352c0cd273ec04bb586eda874e8
reference,factory_1,sine_-24dB_out.wav,cc9fe42a993362bab4a6a554f30dc168a70a0022c04d585fc6ecd523d82bda78
reference,factory_1,sine_-6dB_out.wav,96d3a447b77604bc9bb1a84760bc1b3c1d9053f7f4e285309f04907c7646e8ec
reference,factory_10,guitar_like_out.wav,f4ba8d87e448843439857d3a046d7516b931d8af84e1cf2098f06f436f80da41
reference,factory_10,impulse_out.wav,a914a4f2719278cf3b8ea3ec92dacb4a2edc30fc01481b213e2efff509dceecf
reference,factory_10,log_sweep_out.wav,2efa9ad612502dfead11b0f48eb2c0bb06e33fe7a2fa2b188f576b4118e0c926
reference,factory_10,sine_+0dB_out.wav,ee582e987c0a3f2ae7ac8026c9c5c9d0960ed9f46a92e077802c942cdff98c9d
reference,factory_10,sine_-12dB_out.wav,46408caf08a33abe998336e3d03899135743da52060a20df01f66c3e025f2a27
reference,factory_10,sine_-18dB_out.wav,9219e78f54e03d57400b8c9256c2fd33c0a146455152bc8529ddbbf073b5d93c
reference,factory_10,sine_-24dB_out.wav,d4057b07708d3cddb00f1b55cb106a8da74d3c3635f597e79da5c0cf48ddc777
reference,factory_10,sine_-6dB_out.wav,e475861cf1bc52f79f20c6219ecd6c8bf068c024240090837d52f8643fbf69ec
reference,factory_11,guitar_like_out.wav,c1e1a873dec5e596eff45d327e7da2ba004e1823cb5f0b7f5e4920d1bb48cdc8
reference,factory_11,impulse_out.wav,583e61e1b7c767dbffd00c65ec04269ea7cdb3ad6b50b2db4c5cf3b17681607a
reference,factory_11,log_sweep_out.wav,5065cbe0db86b525cb5fa8c7a55a868fcdd92ee26b6ffdbbce2a9001f85a1621
reference,factory_11,sine_+0dB_out.wav,600f6aa4f7f095376d5f194a1c1ea52286e643ffdbd951de6e40edb5174b2139
reference,factory_11,sine_-12dB_out.wav,002f924ac54293c36d7384b4737e3b34282dd5eef6cb39356f4720758a6601ca
reference,factory_11,sine_-18dB_out.wav,62eebffa6e2c88b82cfeda3b82e7ea5dcf16a1c18eb365e526c060032815a806
reference,factory_11,sine_-24dB_out.wav,bf5a863e13ba8310d4b7d39d700859aa3a92d36295c430a38927468ee6ea236b
reference,factory_11,sine_-6dB_out.wav,19eb5c50c99eef0147fb424f63c0d3529e8b1986b5adcced66710c077a20bde5
reference,factory_2,guitar_like_out.wav,c179de217af711d133cdbf7c58a01daafc47f8667c8940afc9babe1696e0894a
reference,factory_2,impulse_out.wav,edd9b031f70919fbfa19f4322710d6eb246633621c7f7130bbf7f79b890c5df4
reference,factory_2,log_sweep_out.wav,d3b716b406ac42de28ee9243078d2a6d40e7b66a6f9d008121948f21e1939992
reference,factory_2,sine_+0dB_out.wav,381324a96de4246b177da49a46b69877d3f402e44b91a15401480836461bf038
reference,factory_2,sine_-12dB_out.wav,3ce245607d2eede64784064948ce0c7aba6dd67e5072d90f83ffa31180fd815f
reference,factory_2,sine_-18dB_out.wav,c4740883260a1323375b520859d05a47b20fab8e2e7a8b252b5332384890906a
reference,factory_2,sine_-24dB_out.wav,c478c6692f3ad3bb881501f0bc29dd671960c2c48b8658afc1cbd90b45f35328
reference,factory_2,sine_-6dB_out.wav,38308e3d8a8dedf52bd166ae3198373e22e76964739a03aa30667882aec7e70d
reference,factory_3,guitar_like_out.wav,f5689a12aba0764b52da6821f33ea20c5d406781d6ab8e5d1f2822b0661fd5c6
reference,factory_3,impulse_out.wav,d3ed80bfb8cb5932c55235c750d0a3a1ab3a12ea5dca8f07a53a20401e7023b5
reference,factory_3,log_sweep_out.wav,8d18cfe316725ff0e23566e0b2fc69350a94e3dcbf72c97a8658d8aeb1228b31
reference,factory_3,sine_+0dB_out.wav,242b89137ebaa8ebca56ef97d3c5fa0b21c7b490e83e9e4df13d19cf971db2fe
reference,factory_3,sine_-12dB_out.wav,af93cd4a7c5547062c3af60bdecfe3e2710013514ba130eb54603a0527e62457
reference,factory_3,sine_-18dB_out.wav,3d9a1ae77ecba35baf0f5bccf54c2a09a6efaefb9c79d45b51cd1da3dec77153
reference,factory_3,sine_-24dB_out.wav,095219b90efdd28d9d0252deb6bed186a96c256aac5f03d79768711a79fbd5ec
reference,factory_3,sine_-6dB_out.wav,757997fa21cdd19a1f8246c5d2518585578480c07201d5eed2fd3628d64d1ef9
reference,factory_4,guitar_like_out.wav,a85f2095b64601ea7ad532ef51fd109a85b2aeb28c2e049bcde5897cf64f1abf
reference,factory_4,impulse_out.wav,2a85579725f6f42063410c82d78c3ed0333d73dd86ca1b07d8a14a2ae629e415
reference,factory_4,log_sweep_out.wav,5d32d1c870d4cfbe9ac231ee42a2f55c5974a12e5a1ad5c15c73d17b5f5a3cd9
reference,factory_4,sine_+0dB_out.wav,f88d7e69a89359d811eb4054c7f6477f97b3b4101b18bcb7f6781ffdafe579cb
reference,factory_4,sine_-12dB_out.wav,f2cc4e4471701670f2abaa6953e38e21d85fb0bf68bdccc3e0030b223d64a370
reference,factory_4,sine_-18dB_out.wav,3e8e258d978fe2ed2097742e51febe470b195ed16d66d269b190395897161c68
reference,factory_4,sine_-24dB_out.wav,1f45d2d4936836cf53b5bb1e51fd11d1182746bc6e59e19a81028be8cfea49d2
reference,factory_4,sine_-6dB_out.wav,a22e397cf7238b3962f0028ff6700337ff59cbcb9158ee5009b0b4f9729a0567
reference,factory_5,guitar_like_out.wav,135b3982c76f32dbe1933b099545692e44eb50bc4a7805dddfe7f31e01e995d4
reference,factory_5,impulse_out.wav,c36ad01edb59aade8db97da669019b21ad6755cf1c712f8c3517169357606877
reference,factory_5,log_sweep_out.wav,4cf348e47ab3acc89f43ec51e4763b03069a122acba786f82837ba376890c7c6
reference,factory_5,sine_+0dB_out.wav,0136e0cee94e65529bb4b7a34c9d263d0deff594aaeaee02750670efe66eaaa1
reference,factory_5,sine_-12dB_out.wav,d78f88c4b10578ae9e6155029d3fcb98930a95f777e6f2621ba96401827cdb76
reference,factory_5,sine_-18dB_out.wav,85a67e0871ee4cf4963edf38496c864a94fcb304636fc6d087d6c49968a6b710
reference,factory_5,sine_-24dB_out.wav,2890e7974462b2c44877c49de46905d808778f46616d3ecba6d14ef050b6fe09
reference,factory_5,sine_-6dB_out.wav,6ce08663aa3210426fd17b01e3067b58d46eac6027b01595b891ef82a06061a0
reference,factory_6,guitar_like_out.wav,acc876381c673577a7919b606a4f4564dc29ed69ad53476b0e9a5583eba33781
reference,factory_6,impulse_out.wav,0bcb38d6f32d4d9a9bba9c9613c848667431e1dc9fad3e0ddb5645c628b73aff
reference,factory_6,log_sweep_out.wav,04b219792e7e420148c864f3950fd25941e4bfce738d849a89660599d0442790
reference,factory_6,sine_+0dB_out.wav,9ea5b291b827f078611c92518f3b76860279fb295b375e89601e8a0af41c30b8
reference,factory_6,sine_-12dB_out.wav,6a0365af94d78d669b1db1b76a5cf7e80fd0c787d10c844bb49ef7e7c3dc46ab
reference,factory_6,sine_-18dB_out.wav,0a0583bcfa334353e198dcdbfdca35c92b2f8aeaed2cfbf51e2e98a52ad801d5
reference,factory_6,sine_-24dB_out.wav,fc40fd8c85c85ff83801b2208d6af672f7e920e075fc9a1a1f22927655c5b360
reference,factory_6,sine_-6dB_out.wav,4c999f9c0cb4fab738259bbf42ed3bae0411541556ec65a32aad2b1abc397a50
reference,factory_7,guitar_like_out.wav,b1a6dd720edcd525f83f1e32e9b0425f1c484943d154b4177c37601cc9dee3ab
reference,factory_7,impulse_out.wav,a9cb47759ebb40a9e3206f6c8cee89255244fba727e918fca796bcd39fc386c2
reference,factory_7,log_sweep_out.wav,9d02b1c9ae550524c8099b31fcd89b0c47f71dcf7d4e8728a8537432c2e46c1e
reference,factory_7,sine_+0dB_out.wav,4f6d56d111f9ca383c6ef7042b51e85b9592d4fec4baf20a1a3103ee112b26e1
reference,factory_7,sine_-12dB_out.wav,faf9c13c07d8626e12243fae627b7f7dae04ca209a185431b8fd052604d7e13a
reference,factory_7,sine_-18dB_out.wav,7edfada5b5abdcf218f899c3fc72723f5211a66cda0e0d773e32a151bac0f98f
reference,factory_7,sine_-24dB_out.wav,434f49415d3cb48b01af082717972d6c345e0778edb3c9748c3b0e88747aa173
reference,factory_7,sine_-6dB_out.wav,acba34848fd281992fa70107bf183bbba3e98713d337b5a774190e937361706b
reference,factory_8,guitar_like_out.wav,ab46356424ecbd4af1b655f440f02d355e1c51a5dc2d1fa37151fe080c49de48
reference,factory_8,impulse_out.wav,d3d46ad76ecd61d7730112b734f89bdd2b35aec58c5eeeb7a15eee2c55243d82
reference,factory_8,log_sweep_out.wav,e2740e369173e8cc4ccff0bd343944148208c7464ecf29b0598238c13d5249bd
reference,factory_8,sine_+0dB_out.wav,5edc66b89afc251b06d4776fa733adbe82eec7930ea560d547ea5d00d39bcdbd
reference,factory_8,sine_-12dB_out.wav,5415d59289512ee28ce9a27b018aeb8a1fb88351aca9ea2517670880414ff59f
reference,factory_8,sine_-18dB_out.wav,d757b1ca2dbb4c36d9f5558a8459acf9b221edb8aafce9ea3ddd4abaa7eef0f9
reference,factory_8,sine_-24dB_out.wav,5fce0c22e86f5763a70cb3976c4616116c710258813a7242b48b88f64f592447
reference,factory_8,sine_-6dB_out.wav,978623b135fee8089eb2a33218bd8a1b3f906e28e9bc337cd2ba8968179732b6
reference,factory_9,guitar_like_out.wav,d755c60c2ed4febcd6700815ea3c640df7f80677a226034f5af5d906b7901af2
reference,factory_9,impulse_out.wav,589f19861a21255ddb7c713c55f06a9939d24268926a3e3cae24d4d01c2f5520
reference,factory_9,log_sweep_out.wav,9ae9b15733830e639e18320f77e2f1a5d7d06752632a6eee8dcefb0a3d2879be
reference,factory_9,sine_+0dB_out.wav,7e42de474b369a747920e76afe7fc9e84e0ac0df4226f1bfb2ac5d2b794a0d56
reference,factory_9,sine_-12dB_out.wav,c3a41b686c814d2f3d9bef6ae34f4032362a1d6cdd30c5fe5266b23b6137d5b2
reference,factory_9,sine_-18dB_out.wav,5e2dc6cb5add4e9c63a5d54225f15a296aa1944888568ba7255f883a710be3f3
reference,factory_9,sine_-24dB_out.wav,8cf41ad45cc7ec800bb89fe4048ba82567a6b18039561c9d610b003288d3c432
reference,factory_9,sine_-6dB_out.wav,a55a00c040e4f92828bd23ed6e8087234d3392f9f4ea1cf4de392f39172a357c
legacy,factory_0,guitar_like_out.wav,0e3a625fc1090bcb05ad3e04e683a0c3f530c423ac5b561932bd47680d16016f
legacy,factory_0,impulse_out.wav,a8cad9837eb107c830d0b3312148ef8fb9e0bee52705c4083d7bdfcb0a14956f
legacy,factory_0,log_sweep_out.wav,bc883f445dbcc1476cc77ec8af7d5d757a2a48dc28a294c49b5cd78c63243763
legacy,factory_0,sine_+0dB_out.wav,25a38d27ae506b5d57dac55558ec4e3714f7c689be069c6114f67608af10c2fa
legacy,factory_0,sine_-12dB_out.wav,5e19d3a0ac43660337c143dea45c3c91852559ac5c3592cc9e98177e6c623e5d
legacy,factory_0,sine_-18dB_out.wav,4d12a87867e46d2946d51df4384c800b6358d75d47e4ae853220ef9aaaaf2e7c
legacy,factory_0,sine_-24dB_out.wav,a19fb09d4c3ad57457d0719be9158c748ee31a95da9c112dff5f093a23640ec2
legacy,factory_0,sine_-6dB_out.wav,8e1dd4c644ea97122794d6b1974175fbc53869fc0d85a4d27f6d533fa8743b37
legacy,factory_1,guitar_like_out.wav,60b2572d5a467df0220ccd50eef92ea8dbaa1dcc92a9beb5030bba83717aa1c3
legacy,factory_1,impulse_out.wav,606638a4eeaf20953e09c4304e3f1f2df55c01d86674b9f206c624b56af7dc68
legacy,factory_1,log_sweep_out.wav,c95ec81008f8842d20a1e86924da4e0445eed497ba3bc90383d1a62c689b3e7c
legacy,factory_1,sine_+0dB_out.wav,8748026233f0031f485835a806b32c2fc12d581aa9bd3b1884985047f2c0b8f6
legacy,factory_1,sine_-12dB_out.wav,1444d0e0b4d9f7867a846bcf161742591c53327615a9d9c2863719bbebad21a5
legacy,factory_1,sine_-18dB_out.wav,5bb40f2ce0160fbd898a370c06ff5e2fca8dc2902a1fa303611d08f663c75b6e
legacy,factory_1,sine_-24dB_out.wav,2f26955601c61f79c7fb2e9b38c4b6f058880a250a6f6b9b145fc4bfaf444ce4
legacy,factory_1,sine_-6dB_out.wav,2722bd66523b5bd0dc4d83125b93eaf5ce8ca32c9fb7502dacf527daa10c5196
legacy,factory_10,guitar_like_out.wav,7e9a24cab8fb497ef5eb699e29a41e4962d6875455594e4e947256e33c238fbb
legacy,factory_10,impulse_out.wav,09ac945a68c98c62d6ef57751d1617599b6b2b6716cc5c51d9b8cfd4c7784335
legacy,factory_10,log_sweep_out.wav,a85e438bed9e5768d18d9657225ffb87be807ebff74ba7caa38b49adf2df753a
legacy,factory_10,sine_+0dB_out.wav,7d16e85a8e1fb6e8a17b54667c56486ce8381d1be8635e73d85a96804a619778
legacy,factory_10,sine_-12dB_out.wav,6e83ef89c746520c097d3c7eff0dfabc4b4d3f79515ca5274d2934d5e6be3e7e
legacy,factory_10,sine_-18dB_out.wav,b8b78878da0d1887817231341d123892936649c8905ae0464d2ebfd545a27578
legacy,factory_10,sine_-24dB_out.wav,964d49a76e5f9d56542b1b5bfbbfd8e8ef54379dc4106e47836f36d5b1aa2d84
legacy,factory_10,sine_-6dB_out.wav,edd64f7cd0bf5813b03672868a98a18accb7a5aadf034edd5d958e5315b272d0
legacy,factory_11,guitar_like_out.wav,653ca35ea310145641f6a7f071da45b9fcbf7886cc43492156deeaeb334860fe
legacy,factory_11,impulse_out.wav,d80326a9b0758baa3c2179586f37360f533d4aa8b6ef88737ab7d9b3b9bf4d03
legacy,factory_11,log_sweep_out.wav,fe9bc7efd5bc6222d67b98401705d389ba0cf1fb90702ca9bfe88ca561151da6
legacy,factory_11,sine_+0dB_out.wav,d08e179c3e524004437927023ae4a3a48dc828ddf4f5e6affc720c56fadcab7b
legacy,factory_11,sine_-12dB_out.wav,d263b153e76b6f945b47c3a40ea92a5167f6f78477508f99ecf19fb71f06e4cf
legacy,factory_11,sine_-18dB_out.wav,8461f5d38f03bf4fb0f3729b12cc49981780d003dc8802b3453960527fd37487
legacy,factory_11,sine_-24dB_out.wav,14b9bf1d1f1c1c97fa1f374a1f92e6a77e0772df7e074f072a7ac540152fe89b
legacy,factory_11,sine_-6dB_out.wav,f0bcf43387f334c0e15788f17ffb1009e29a9ae3ed1d4d559ab380aa0c331437
legacy,factory_2,guitar_like_out.wav,4544521a4a3762b86d849710b4ab599b55027d347fb6e52bb17450305604f380
legacy,factory_2,impulse_out.wav,75d68aa405949077e0aefb1c33831f21485458492b4e85788779d24343cbce8a
legacy,factory_2,log_sweep_out.wav,876b5bb2dc6883e9afb5df70e721857dd53ab24505a261254011bec7d25105e5
legacy,factory_2,sine_+0dB_out.wav,9ca885c89ef1dbc9152e5e6f77211cfac4e5f5552193532c1d75dc8fb82878b0
legacy,factory_2,sine_-12dB_out.wav,72cd93f29f845aad6abe4b62744a4513e1beaf7c176d863dabee7a8b17a82933
legacy,factory_2,sine_-18dB_out.wav,4f8bc05dbe3b2401d3733f7129c90abf3617b84eed65f34b805e2bac3a807cae
legacy,factory_2,sine_-24dB_out.wav,697c4c090016c8623789970ef52bcb79eacd52884968dfd31a9120c3b1d3c733
legacy,factory_2,sine_-6dB_out.wav,d9728defe8dc53494530f1b3b07bd9034755045b9b95adf2dbb7c1c3f1f21dff
legacy,factory_3,guitar_like_out.wav,4c8d47056a0761177a9b51a9476f14205140c78d36690962e7eec17e67bc0f41
legacy,factory_3,impulse_out.wav,3fd8bacc22fc6c8237783d9caffbc3ab33ab91e15effcbd89791023bb39b75e4
legacy,factory_3,log_sweep_out.wav,e1a6556e60548ba075e75195be42d798cbd20f09ec0d3ec8dd6908c4cce4e65d
legacy,factory_3,sine_+0dB_out.wav,029bc32ae4380cda3b23bc14a6e8d210de1222fe82a2e57e5258e20c50c5b270
legacy,factory_3,sine_-12dB_out.wav,5deac7037aa29216a1277847dbe64eb277e1cb3455b611e341b1d4ca613356d4
legacy,factory_3,sine_-18dB_out.wav,63fba1c99bd40eaae00e03db90b6b7654ec1d0a1b501200050f1e31b5afe1140
legacy,factory_3,sine_-24dB_out.wav,dc8111324c20c8f6f4bb54dd12ac493cb341df6f3d759e92ae91c0e5b77b3e04
legacy,factory_3,sine_-6dB_out.wav,94a298b254157485e4a685c489ca30e83f4f80ec9ab9e2468800a30a62094f6a
legacy,factory_4,guitar_like_out.wav,dbcde62554fe479b1088f53858ba2e823814d8e0740db14a9b3a6504c259b14d
legacy,factory_4,impulse_out.wav,c2e0a97e02f4bb6f3a7e0165a2679d8b3a288165b77d5e39452eb1b26e8904ca
legacy,factory_4,log_sweep_out.wav,aaf22c9003dfe49c48d0744ca61d442333fd0132cb02935e4fd474c8c3e12ee0
legacy,factory_4,sine_+0dB_out.wav,cd44743d46755a859512691f2b32abcfddbfdc7acbd0134f85cf257db40707c7
legacy,factory_4,sine_-12dB_out.wav,4ecb9a40ffe221fe7dc1ac2fc159eb2d6c1c5370ccf375f98cd2a2bcd8496aaa
legacy,factory_4,sine_-18dB_out.wav,cfd10b61d244067f192611ad3c03779b68ceb127134c332ca6cef8410dae7fba
legacy,factory_4,sine_-24dB_out.wav,6aaf15410440d7b47f552fbfb137892187264e4ee6003dc1733484bb9ecfbc0f
legacy,factory_4,sine_-6dB_out.wav,89396749060d77c79a9df41bfba5b3de7f70731104390e7db374f6008893cc5b
legacy,factory_5,guitar_like_out.wav,270ec01684c371636024388cd893251a0eceaba05b1b7b4ac3c6842c5a4b7efd
legacy,factory_5,impulse_out.wav,ca0d215314b651d9bc31368c2c79f88eea57545c5f12308f49da8a0fdf3bbf81
legacy,factory_5,log_sweep_out.wav,8f57ad3cb328e62f68aeb7ba943d2a928ba044ecd4d2c5714f5c99e51d63e489
legacy,factory_5,sine_+0dB_out.wav,7f251de35a1784eb9f0a56cb192fc368922fd5c8b224b24c5515f9a332dcbc64
legacy,factory_5,sine_-12dB_out.wav,8df046d5621505c3108cbc8a99ccb1b6448cdfe755429b6fdc9f15272be20d5c
legacy,factory_5,sine_-18dB_out.wav,48e4c66c52c22463573d064f1566372870afb0463490246739d3799e62857461
legacy,factory_5,sine_-24dB_out.wav,11f4d8a09f6810be2efde2c1108a4a382c7a62f641f82964eb6eb5e94dd985af
legacy,factory_5,sine_-6dB_out.wav,f0e646339da9ebec042f2d27cb28227c6450c6ee34ea2702a0d3e566ae4bcc55
legacy,factory_6,guitar_like_out.wav,e2daa3a89952a9b6e75d630438f93b862c1e8ff75096933a9868ab60761954b0
legacy,factory_6,impulse_out.wav,17d0d42cf86c65afc1385c1ee5ef78b28248fb58f20649763eb5829fb14a5cec
legacy,factory_6,log_sweep_out.wav,391909af838fd0743faeff307aafcff78e3211f7534b52428e89a8bbfec70991
legacy,factory_6,sine_+0dB_out.wav,c1d2b615cc5f170b1f4e374ca7eea319e4d14ee397558418c7403cbe0dac6321
legacy,factory_6,sine_-12dB_out.wav,677671f3dffebe5b2bdb96f0879f8e7a02a4ce1599bd6c687730aab0c818938a
legacy,factory_6,sine_-18dB_out.wav,6f5b13f63a9c320ec901c565635df05612e679d8cabd103a14a50f3caf51e69e
legacy,factory_6,sine_-24dB_out.wav,849fb6d8929e2c42d5b3ab4edadb4794b02e70156bccfc683fd04c3d27a321e0
legacy,factory_6,sine_-6dB_out.wav,9fca2ccf88f8ffdfaa5d5ff2555b8bb8afe8bca44a6e422625beac24d48de7b2
legacy,factory_7,guitar_like_out.wav,19803d7203f438786d6b806478b02c5cc3c516f7b45814628db456123ec472ec
legacy,factory_7,impulse_out.wav,70679b7d63406d1ba39fd2c12f99fc9b4153c5cafa20e63b5a670f99d928c21e
legacy,factory_7,log_sweep_out.wav,559bb2cd243938753ac8c95305384dcc5cdd0d8a9bb5d3fe4b521a8db5eec53b
legacy,factory_7,sine_+0dB_out.wav,3dc266fcde5a66d141f1faec76c2109c23a83374e49b5b77e00c87f05b183393
legacy,factory_7,sine_-12dB_out.wav,4c35245f4c1a2c0d80e8697a1d323a21d855c89aeffb2f4c19ca56d1fd7ca37e
legacy,factory_7,sine_-18dB_out.wav,0d056fd0e719f75a8e60f3e00136eb58cf92f9cb10d168874fb06c67497d972a
legacy,factory_7,sine_-24dB_out.wav,34a3f249cdadb30ffc889d60ce81619213bf95df43078c5627bdf818f51dcc77
legacy,factory_7,sine_-6dB_out.wav,9434a03606c645a742d64511b9a86b91ae458146881f8358eba66d9f533c47b6
legacy,factory_8,guitar_like_out.wav,4acde7ba955dd741ce91e6491b72ea4c5e70259829ce9b6c732d62e063a78f32
legacy,factory_8,impulse_out.wav,d21494e45928df1bdcc6bda771664f6d68d0540bde3e12e18bf1d4d86f7d6362
legacy,factory_8,log_sweep_out.wav,5cdc62519850674f44b0b1e914d30e84157518e291ff00487d30148a6796e50e
legacy,factory_8,sine_+0dB_out.wav,5eca7e4540344aa06acc2ee8ca9a6ca8b6bfd8d042cd0408a67851908298e0e2
legacy,factory_8,sine_-12dB_out.wav,06c8fa7965d904cbdd04e55f1434c86ee7eb93c30f74b58a52126bcf1507ef41
legacy,factory_8,sine_-18dB_out.wav,af818fb0a1033fdacd1b61a5cb0142486bc6a03b5acd3d054cfe6ecf4c694138
legacy,factory_8,sine_-24dB_out.wav,115ccff65d939e66299fb848b4ee1d720bbea50e91c66209fc6cc3d68d50b5f8
legacy,factory_8,sine_-6dB_out.wav,f92dc68ad90ca0688b5684abafa7050505190ba4154da45d8f7e20d34dedc832
legacy,factory_9,guitar_like_out.wav,390fd513610378b52082246f05dbf37d22f853775064449344f4bf347320640f
legacy,factory_9,impulse_out.wav,36464ef549d166fe53725843a4d3348c11f217244dca73ab22678887bdd7caa9
legacy,factory_9,log_sweep_out.wav,fb2cd697d9e0d3c761562b44d21dadd71c75e0d11ba9ea34777c7330a73bcb16
legacy,factory_9,sine_+0dB_out.wav,4f0baf247da54cc0e2a4d5ab40925d4ba2e12b2aa11814db257946e95430527f
legacy,factory_9,sine_-12dB_out.wav,1a55a34ffae4bb4e1830c30a0c0b0506ded139f460635c0aa06364cac3c60a71
legacy,factory_9,sine_-18dB_out.wav,92968bd4e9a29074fe5f6b082481deb3c9e6a9edacd583770ca629906d6a5ad3
legacy,factory_9,sine_-24dB_out.wav,3e3a889c56840d216d507de25c5244a77513629fce2db4032a67e4a852933585
legacy,factory_9,sine_-6dB_out.wav,388dc889bfae449a8fb9907c7f2fc654fd20a27e3812a89f0c08965be6935c41
