stage,sample_rate,algorithm,imd_dbfs,alias_dbfs,residual_dbfs,reference_magnitude_residual_dbfs,collision_bins
bjt,44100,direct,-22.752025066,-26.2422940035,-58.8293762966,-26.2405263575,0
bjt,44100,midpoint,-27.7398935927,-44.4903400759,-68.2298524506,-15.0711080856,0
bjt,44100,adaa1,-26.2110775332,-38.9893013877,-71.6008111,-20.3352205232,0
bjt,44100,fir2,-22.9954262266,-60.288809892,-61.7150457047,-39.9688067822,0
bjt,44100,fir4,-22.9954262831,-106.280727768,-64.8951689905,-40.0245766055,0
bjt,44100,tanh_reference,-22.788058835,-26.2433840481,-56.3086561955,-26.1261783072,0
bjt,48000,direct,-22.4856044203,-26.9038930336,-58.9595909829,-26.9019437443,26
bjt,48000,midpoint,-27.1267947067,-45.2630183145,-69.0227198432,-15.9023531474,26
bjt,48000,adaa1,-25.5256587398,-38.0336267719,-70.4709008855,-21.7168837522,26
bjt,48000,fir2,-22.7601835518,-67.4191039627,-61.8421909808,-35.35235711,26
bjt,48000,fir4,-22.7602052713,-91.7175274458,-64.6429182507,-35.3600762411,26
bjt,48000,tanh_reference,-22.5232383935,-26.8948164917,-56.4379548825,-26.7586613129,26
bjt,96000,direct,-21.1581195518,-46.4242196004,-59.6907309869,-44.2449014692,148
bjt,96000,midpoint,-23.7260406303,-61.395791818,-66.0106584337,-23.6634388001,148
bjt,96000,adaa1,-22.2175521347,-53.3909651574,-64.0240989531,-32.8548579444,148
bjt,96000,fir2,-21.1839695432,-68.805292713,-62.0694096137,-47.7775306731,148
bjt,96000,fir4,-21.1839692942,-68.8053349531,-62.0694337387,-47.7775317875,148
bjt,96000,tanh_reference,-21.186167963,-45.5546865437,-57.1595534779,-39.5658473081,148
bjt,192000,direct,-21.1452818709,-300,-58.8373310514,-78.1434885317,0
bjt,192000,midpoint,-22.1080660018,-300,-62.1647806143,-33.3738045302,0
bjt,192000,adaa1,-21.4136506224,-300,-60.1825835234,-44.7675353267,0
bjt,192000,fir2,-21.1452778306,-300,-59.0707677094,-76.3779767477,0
bjt,192000,fir4,-21.1452777118,-300,-59.0707671275,-76.3779746255,0
bjt,192000,tanh_reference,-21.1704749946,-300,-56.3176041909,-41.8384514374,0
rational_limiter,44100,direct,-39.4750224827,-42.044291522,-119.542295172,-42.0442915976,0
rational_limiter,44100,midpoint,-45.8812354923,-61.3566461312,-129.045105635,-17.0158557805,0
rational_limiter,44100,adaa1,-44.9224286204,-57.7381683181,-135.206767844,-21.7249071466,0
rational_limiter,44100,fir2,-39.512579219,-100.128154475,-122.248341788,-62.3552181296,0
rational_limiter,44100,fir4,-39.5125788515,-139.804668257,-125.647087257,-62.3559460725,0
rational_limiter,44100,tanh_reference,-38.7294131457,-41.3124578268,-114.390235418,-40.9495912494,0
rational_limiter,48000,direct,-39.4744231698,-42.04537378,-119.736692526,-42.0453734142,26
rational_limiter,48000,midpoint,-45.1167073623,-62.7006795477,-129.273156444,-17.8821418558,26
rational_limiter,48000,adaa1,-44.0486451187,-54.6379192909,-134.589571264,-23.1418552098,26
rational_limiter,48000,fir2,-39.4811175814,-106.084101333,-122.577224692,-75.9749012912,26
rational_limiter,48000,fir4,-39.481118083,-126.966297083,-125.705044631,-75.9795939961,26
rational_limiter,48000,tanh_reference,-38.7285919196,-41.3139467783,-114.582734013,-40.9508960979,26
rational_limiter,96000,direct,-37.5628313259,-75.2591397749,-120.88222523,-72.4593638426,148
rational_limiter,96000,midpoint,-40.6550839591,-90.7585290205,-128.180505354,-26.3736833355,148
rational_limiter,96000,adaa1,-39.10859252,-82.5100996307,-126.589036845,-34.931563212,148
rational_limiter,96000,fir2,-37.5643118046,-128.996562432,-123.748534834,-76.3684556685,148
rational_limiter,96000,fir4,-37.5643113667,-128.997334537,-123.748188258,-76.3684565014,148
rational_limiter,96000,tanh_reference,-36.8224095312,-73.1363491854,-115.725561549,-51.5370927356,148
rational_limiter,192000,direct,-37.5620680938,-300,-119.546666355,-132.647675072,0
rational_limiter,192000,midpoint,-38.6847214958,-300,-123.441610119,-36.977250048,0
rational_limiter,192000,adaa1,-37.9461417581,-300,-121.388833634,-46.9242536179,0
rational_limiter,192000,fir2,-37.5620618545,-300,-120.468979347,-126.226337658,0
rational_limiter,192000,fir4,-37.562061737,-300,-120.469129512,-126.232590513,0
rational_limiter,192000,tanh_reference,-36.8213620403,-300,-114.394882155,-51.5921879246,0
