stage,drive,asymmetry,algorithm,peak,maximum_static_endpoint,overshoot,max_sample_delta
bjt,0.8,-0.25,direct,0.0656682,0.0656682,0,0.12905
bjt,0.8,-0.25,midpoint,0.0656682,0.0656682,0,0.05917
bjt,0.8,-0.25,adaa1,0.0656682,0.0656682,0,0.0652863
bjt,0.8,-0.25,fir2,0.0719662,0.0656682,0.00629801,0.116527
bjt,0.8,-0.25,fir4,0.0719662,0.0656682,0.006298,0.116527
bjt,0.8,0,direct,0.0668309,0.0668309,0,0.133662
bjt,0.8,0,midpoint,0.0668309,0.0668309,0,0.0615913
bjt,0.8,0,adaa1,0.0668309,0.0668309,0,0.0668309
bjt,0.8,0,fir2,0.0729995,0.0668309,0.0061686,0.120678
bjt,0.8,0,fir4,0.0729995,0.0668309,0.00616859,0.120678
bjt,0.8,0.25,direct,0.0656682,0.0656682,0,0.12905
bjt,0.8,0.25,midpoint,0.0656682,0.0656682,0,0.0597626
bjt,0.8,0.25,adaa1,0.0656682,0.0656682,0,0.0652863
bjt,0.8,0.25,fir2,0.0719662,0.0656682,0.00629801,0.116527
bjt,0.8,0.25,fir4,0.0719662,0.0656682,0.006298,0.116527
bjt,1.5,-0.25,direct,0.117013,0.117013,0,0.220663
bjt,1.5,-0.25,midpoint,0.117013,0.117013,0,0.0999495
bjt,1.5,-0.25,adaa1,0.117013,0.117013,0,0.114771
bjt,1.5,-0.25,fir2,0.1291,0.117013,0.0120872,0.198905
bjt,1.5,-0.25,fir4,0.1291,0.117013,0.0120871,0.198905
bjt,1.5,0,direct,0.12437,0.12437,0,0.248741
bjt,1.5,0,midpoint,0.12437,0.12437,0,0.11462
bjt,1.5,0,adaa1,0.12437,0.12437,0,0.12437
bjt,1.5,0,fir2,0.135736,0.12437,0.0113655,0.223932
bjt,1.5,0,fir4,0.135736,0.12437,0.0113654,0.223932
bjt,1.5,0.25,direct,0.117013,0.117013,0,0.220663
bjt,1.5,0.25,midpoint,0.117013,0.117013,0,0.103413
bjt,1.5,0.25,adaa1,0.117013,0.117013,0,0.114771
bjt,1.5,0.25,fir2,0.1291,0.117013,0.0120872,0.198905
bjt,1.5,0.25,fir4,0.1291,0.117013,0.0120871,0.198905
bjt,3.2,-0.25,direct,0.196679,0.196679,0,0.316454
bjt,3.2,-0.25,midpoint,0.196679,0.196679,0,0.135855
bjt,3.2,-0.25,adaa1,0.196679,0.196679,0,0.183659
bjt,3.2,-0.25,fir2,0.222371,0.196679,0.0256916,0.286489
bjt,3.2,-0.25,fir4,0.22237,0.196679,0.025691,0.28648
bjt,3.2,0,direct,0.255876,0.255876,0,0.511753
bjt,3.2,0,midpoint,0.255876,0.255876,0,0.235816
bjt,3.2,0,adaa1,0.255876,0.255876,0,0.255876
bjt,3.2,0,fir2,0.278218,0.255876,0.0223417,0.454617
bjt,3.2,0,fir4,0.278216,0.255876,0.0223398,0.454634
bjt,3.2,0.25,direct,0.196679,0.196679,0,0.316454
bjt,3.2,0.25,midpoint,0.196679,0.196679,0,0.155789
bjt,3.2,0.25,adaa1,0.196679,0.196679,0,0.183659
bjt,3.2,0.25,fir2,0.222371,0.196679,0.0256916,0.286489
bjt,3.2,0.25,fir4,0.22237,0.196679,0.025691,0.28648
rational_limiter,0.8,-0.25,direct,0.149007,0.149007,0,0.298015
rational_limiter,0.8,-0.25,midpoint,0.149007,0.149007,0,0.137325
rational_limiter,0.8,-0.25,adaa1,0.149007,0.149007,0,0.149007
rational_limiter,0.8,-0.25,fir2,0.162694,0.149007,0.013687,0.268689
rational_limiter,0.8,-0.25,fir4,0.162694,0.149007,0.0136869,0.268689
rational_limiter,0.8,0,direct,0.149007,0.149007,0,0.298015
rational_limiter,0.8,0,midpoint,0.149007,0.149007,0,0.137325
rational_limiter,0.8,0,adaa1,0.149007,0.149007,0,0.149007
rational_limiter,0.8,0,fir2,0.162694,0.149007,0.013687,0.268689
rational_limiter,0.8,0,fir4,0.162694,0.149007,0.0136869,0.268689
rational_limiter,0.8,0.25,direct,0.149007,0.149007,0,0.298015
rational_limiter,0.8,0.25,midpoint,0.149007,0.149007,0,0.137325
rational_limiter,0.8,0.25,adaa1,0.149007,0.149007,0,0.149007
rational_limiter,0.8,0.25,fir2,0.162694,0.149007,0.013687,0.268689
rational_limiter,0.8,0.25,fir4,0.162694,0.149007,0.0136869,0.268689
rational_limiter,1.5,-0.25,direct,0.149007,0.149007,0,0.298015
rational_limiter,1.5,-0.25,midpoint,0.149007,0.149007,0,0.137325
rational_limiter,1.5,-0.25,adaa1,0.149007,0.149007,0,0.149007
rational_limiter,1.5,-0.25,fir2,0.162694,0.149007,0.013687,0.268689
rational_limiter,1.5,-0.25,fir4,0.162694,0.149007,0.0136869,0.268689
rational_limiter,1.5,0,direct,0.149007,0.149007,0,0.298015
rational_limiter,1.5,0,midpoint,0.149007,0.149007,0,0.137325
rational_limiter,1.5,0,adaa1,0.149007,0.149007,0,0.149007
rational_limiter,1.5,0,fir2,0.162694,0.149007,0.013687,0.268689
rational_limiter,1.5,0,fir4,0.162694,0.149007,0.0136869,0.268689
rational_limiter,1.5,0.25,direct,0.149007,0.149007,0,0.298015
rational_limiter,1.5,0.25,midpoint,0.149007,0.149007,0,0.137325
rational_limiter,1.5,0.25,adaa1,0.149007,0.149007,0,0.149007
rational_limiter,1.5,0.25,fir2,0.162694,0.149007,0.013687,0.268689
rational_limiter,1.5,0.25,fir4,0.162694,0.149007,0.0136869,0.268689
rational_limiter,3.2,-0.25,direct,0.149007,0.149007,0,0.298015
rational_limiter,3.2,-0.25,midpoint,0.149007,0.149007,0,0.137325
rational_limiter,3.2,-0.25,adaa1,0.149007,0.149007,0,0.149007
rational_limiter,3.2,-0.25,fir2,0.162694,0.149007,0.013687,0.268689
rational_limiter,3.2,-0.25,fir4,0.162694,0.149007,0.0136869,0.268689
rational_limiter,3.2,0,direct,0.149007,0.149007,0,0.298015
rational_limiter,3.2,0,midpoint,0.149007,0.149007,0,0.137325
rational_limiter,3.2,0,adaa1,0.149007,0.149007,0,0.149007
rational_limiter,3.2,0,fir2,0.162694,0.149007,0.013687,0.268689
rational_limiter,3.2,0,fir4,0.162694,0.149007,0.0136869,0.268689
rational_limiter,3.2,0.25,direct,0.149007,0.149007,0,0.298015
rational_limiter,3.2,0.25,midpoint,0.149007,0.149007,0,0.137325
rational_limiter,3.2,0.25,adaa1,0.149007,0.149007,0,0.149007
rational_limiter,3.2,0.25,fir2,0.162694,0.149007,0.013687,0.268689
rational_limiter,3.2,0.25,fir4,0.162694,0.149007,0.0136869,0.268689
