time_s,freq_hz,notch_depth_db
0.134454,22.270071,-6.631370
0.336134,26.167307,-6.391520
0.537815,30.746555,-5.270724
0.806723,38.122353,-3.888562
1.008403,44.793720,-2.863958
1.142857,49.877968,-2.481674
1.344538,58.606552,-2.687489
1.546218,68.862625,-3.365783
1.747899,80.913506,-3.929997
2.016807,100.323875,-4.817078
2.218488,117.880432,-6.360155
2.420168,138.509369,-7.546575
2.621849,162.748337,-7.996081
2.823529,191.229095,-7.950365
3.025210,224.693970,-7.748322
3.159664,250.197540,-7.925369
3.361345,293.981812,-7.907410
3.630252,364.505157,-7.121492
3.831933,428.293121,-6.652894
4.033614,503.244019,-5.900289
4.235294,591.311096,-4.855124
4.436975,694.789795,-3.719107
4.705883,861.463074,-3.300570
4.907563,1012.218079,-2.864437
5.109244,1189.355103,-2.409429
5.310925,1397.490845,-2.061308
5.579832,1732.735107,-1.929028
5.915967,2267.050537,-2.002617
6.117647,2663.781738,-2.200687
6.319328,3129.940430,-2.452065
6.588235,3880.782471,-2.827111
6.789916,4559.914551,-3.293200
6.991597,5357.894531,-3.765774
7.663866,9171.750000,-4.719942
7.798319,10212.776367,-4.728625
