preset,score,deepest_notch_db,tracked_notch_span_oct,tracked_notch_count,guitar_side_to_mid_db,guitar_mono_fold_db,guitar_lr_correlation,worst_thd_db,guitar_broadband_hf_db
factory_0,100.000000,-12.189313,7.910416,12.000000,-19.281210,-0.050946,0.977380,-17.554821,-80.918526
factory_1,100.000000,-14.646219,7.910416,13.000000,-18.739603,-0.057668,0.974029,-16.306484,-81.158844
factory_2,100.000000,-11.890899,8.685947,17.000000,-18.490299,-0.061052,0.972586,-17.114550,-81.026901
factory_3,85.169441,-11.005899,7.134885,8.000000,-4.584720,-1.296767,0.565095,-16.770384,-80.314430
factory_4,100.000000,-8.483835,6.669567,13.000000,-15.728974,-0.114589,0.956964,-19.673586,-80.367111
factory_5,100.000000,-8.059864,6.824673,13.000000,-25.755476,-0.011526,0.994700,-16.246847,-82.384102
factory_6,100.000000,-17.278484,8.220629,11.000000,-13.220364,-0.202117,0.909186,-17.315395,-80.594025
factory_7,87.326332,-7.528574,4.653186,9.000000,-36.336834,-0.001009,0.999571,-22.039558,-79.870644
factory_8,100.000000,-7.985163,6.979779,30.000000,-25.224365,-0.013023,0.994106,-19.818424,-80.117561
factory_9,80.165466,-7.593218,6.979779,10.000000,-39.917267,-0.000443,0.999816,-22.404308,-80.159851
factory_10,100.000000,-11.309589,6.514461,6.000000,-22.454676,-0.024609,0.988734,-16.830074,-80.065720
factory_11,100.000000,-13.649694,4.342974,5.000000,-27.619156,-0.007507,0.997366,-14.930276,-79.974991
