model,preset,branch,min_hz,max_hz,mean_hz,median_hz,excursion_ratio,observations
m2,0,1,91.632,217.538,158.93099742647058,161.608,2.374039636808102,272
m2,0,2,4863.5,7426.47,6299.341617647059,6429.85,1.526980569548679,272
m2,1,1,77.2203,217.538,151.40582977099237,154.492,2.8171089726406144,262
m2,1,2,4326.15,7426.47,6116.9009923664125,6315.07,1.716646440830762,262
m2,2,1,91.632,219.506,160.62023435114503,164.545,2.3955168500087303,262
m2,2,2,4863.5,7426.47,6328.832251908397,6488.02,1.526980569548679,262
m2,3,1,101.175,202.416,153.46504814814816,154.492,2.00065233506301,270
m2,3,2,5179.99,7228.5,6287.40937037037,6372.2,1.3954660144131552,270
m2,4,1,112.722,184.983,150.3825809859155,151.734,1.6410549848299356,284
m2,4,2,5467.6,6910.21,6250.5453521126765,6315.07,1.2638470261174921,284
m2,5,1,104.886,193.503,152.25384790874526,154.492,1.8448887363423145,263
m2,5,2,5226.85,6972.73,6204.919315589354,6315.07,1.3340214469517968,263
m2,6,1,71.2081,238.04,161.6850211678832,166.033,3.3428781276287385,274
m2,6,2,3918.11,7768.53,6256.903102189781,6488.02,1.9827238132671108,274
m2,7,1,120.057,163.07,142.27164393939393,142.463,1.3582714877100044,264
m2,7,2,5617.34,6546.72,6099.513295454545,6119.174999999999,1.165448415086144,264
m2,8,1,123.345,167.536,147.81556333333333,149.699,1.3582715148567028,300
m2,8,2,5719.44,6605.94,6215.6649,6258.45,1.1549976920817422,300
m2,9,1,122.239,181.681,152.95658759124086,153.106,1.4862768838095861,274
m2,9,2,5668.16,6848.26,6311.593503649635,6343.635,1.208198074860272,274
m2,10,1,91.632,202.416,149.60939735849055,150.373,2.2090099528548977,265
m2,10,2,4863.5,7163.69,6129.716867924529,6202.34,1.4729495219492135,265
m2,11,1,50.1172,238.04,145.543453875969,145.709,4.749666781065184,258
m2,11,2,2636.2,7768.53,5716.657984496124,6119.174999999999,2.946866702071163,258
m2-1,0,1,20.3635,591.146,152.22988860294117,111.2105,29.029685466643752,272
m2-1,0,2,612.83,1305.85,1037.9680119047619,1080.82,2.130851949153925,84
m2-1,1,1,20.1809,585.846,145.1875652671756,101.6325,29.029726127179657,262
m2-1,1,2,601.891,1259.64,1004.6221578947368,1047.295,2.092804178829722,76
m2-1,2,1,20.1809,580.594,147.0889492366412,109.717,28.769480052921327,262
m2-1,2,2,596.494,1378.36,1076.2211744186047,1125.54,2.310769261719313,86
m2-1,3,1,20.1809,535.39,182.12987962962964,141.186,26.529540307914907,270
m2-1,3,2,540.233,676.652,631.8692222222222,643.9575,1.252518820582971,54
m2-1,4,1,125.587,419.821,243.34027816901408,212.697,3.3428698830292944,284
m2-1,5,1,112.722,565.117,280.9055589353612,221.492,5.013369173719416,263
m2-1,6,1,20.3635,591.146,126.78172810218979,93.2974,29.029685466643752,274
m2-1,6,2,612.83,3423.0,2111.7257307692307,2133.365,5.58556206452034,104
m2-1,7,1,138.666,270.028,196.36799242424243,188.345,1.947326669839759,264
m2-1,8,1,143.752,285.021,212.33809,207.96,1.9827271968390006,300
m2-1,9,1,141.186,390.637,243.69937226277372,221.492,2.7668253226240562,274
m2-1,10,1,20.3635,591.146,188.19028301886792,131.371,29.029685466643752,265
m2-1,10,2,607.336,740.421,694.1610833333333,704.645,1.2191291146910441,48
m2-1,11,1,20.5477,580.594,121.14765,87.2045,28.25591185388146,258
m2-1,11,2,618.375,3017.5,1917.1378214285714,1949.79,4.879725085910653,84
