mode,speed_hz,intensity,cell,min,max,mean,geometric_mean,modulation_ratio,lag_cycles,rise_fraction,rise_10_90_s,fall_90_10_s,cycle_mean_relative_spread
legacy,0.200000003,0.150000006,-1,0.454408944,0.530882299,0.493276396,0,0,0.00563982189,0.416122952,1.27554822,1.76677646,8.55289313e-06
legacy,0.200000003,0.150000006,0,24385.2637,43605.5742,33123.2316,32452.6718,1.78819367,0.00754586122,0.584602001,1.7482288,1.26300708,3.43346717e-05
legacy,0.200000003,0.150000006,1,14233.1211,25451.5762,19333.2737,18941.8832,1.78819361,0.00754586133,0.584602001,1.74822842,1.26300686,3.4334834e-05
legacy,0.200000003,0.150000006,2,17791.6055,31814.8359,24166.8695,23677.6258,1.78819365,0.00754586134,0.584602001,1.74822857,1.26300696,3.433437e-05
legacy,0.200000003,0.150000006,3,14754.8408,26384.5137,20041.9412,19636.2042,1.78819372,0.00754586131,0.584602001,1.74822904,1.26300699,3.43349159e-05
legacy,0.200000003,0.349999994,-1,0.454505116,0.628065169,0.543701344,0,0,0.00613417771,0.414673046,1.27055832,1.75806756,1.780517e-05
legacy,0.200000003,0.349999994,0,11649.4199,43573.3398,24549.2596,22120.5478,3.74038709,0.0109516166,0.585326954,1.66896108,1.20559095,8.40161846e-05
legacy,0.200000003,0.349999994,1,6799.50049,25432.7617,14328.8421,12911.2584,3.74038678,0.0109516165,0.585326954,1.66896106,1.20559088,8.4016562e-05
legacy,0.200000003,0.349999994,2,8499.47266,31791.3184,17911.2582,16139.2583,3.74038716,0.0109516165,0.585326954,1.66896109,1.20559099,8.40164704e-05
legacy,0.200000003,0.349999994,3,7048.73828,26365.0078,14854.0705,13384.5249,3.74038683,0.0109516166,0.585326954,1.66896096,1.20559086,8.40167531e-05
legacy,0.200000003,0.600000024,-1,0.45463407,0.733513415,0.60151018,0,0,0.00691777966,0.414528056,1.25722539,1.73980636,2.65045517e-05
legacy,0.200000003,0.600000024,0,5377.79346,43530.1211,18587.2086,14277.9673,8.09442041,0.0145397039,0.615629984,1.49817807,1.08181149,0.000145316271
legacy,0.200000003,0.600000024,1,3900,25407.5391,10982.9056,8653.29415,6.51475361,0.0153967887,0.682760621,1.38381087,0.999169562,0.000142212413
legacy,0.200000003,0.600000024,2,3923.66406,31759.7871,13561.317,10417.2738,8.09442057,0.0145397038,0.615629984,1.49817811,1.08181146,0.000145316649
legacy,0.200000003,0.600000024,3,3900,26338.8594,11352.5021,8896.2968,6.75355369,0.0152160036,0.674786139,1.40299726,1.01301512,0.000142943559
legacy,0.200000003,0.850000024,-1,0.454765052,0.816312075,0.651473584,0,0,0.00794669699,0.414383065,1.23525162,1.70946659,3.27656041e-05
legacy,0.200000003,0.850000024,0,5377.79346,43486.2227,15866.3077,11491.0237,8.0862575,0.0195096536,0.737857039,1.14819561,0.828231048,0.000188296721
legacy,0.200000003,0.850000024,1,3900,25381.916,9570.0031,7323.77637,6.50818359,0.0205835507,0.764535305,1.07281861,0.773589027,0.000178697088
legacy,0.200000003,0.850000024,2,3923.66406,31727.7578,11576.1346,8383.90628,8.08625746,0.0195096535,0.737857039,1.1481954,0.82823108,0.000188296785
legacy,0.200000003,0.850000024,3,3900,26312.2988,9859.37458,7475.71396,6.74674329,0.020393892,0.76062056,1.08568477,0.782922162,0.000180492415
legacy,0.200000003,1,-1,0.454843849,0.855159342,0.677422136,0,0,0.00865549009,0.414093084,1.21752577,1.68513254,3.56448561e-05
legacy,0.200000003,1,0,5377.79346,43459.7539,14866.6319,10655.5594,8.08133564,0.0217601473,0.76816007,1.02774233,0.740800889,0.000207923715
legacy,0.200000003,1,1,3900,25366.4668,9037.06647,6890.22486,6.50422226,0.0227755444,0.790343628,0.962867302,0.693792302,0.000195318643
legacy,0.200000003,1,2,3923.66406,31708.4473,10846.7663,7774.34751,8.0813359,0.0217601474,0.76816007,1.02774226,0.740800867,0.000207923363
legacy,0.200000003,1,3,3900,26296.2832,9298.004,7017.42341,6.74263672,0.022597851,0.787153835,0.973949051,0.701867115,0.000197612334
legacy,0.5,0.150000006,-1,0.454788923,0.530854881,0.494146988,0,0,0.013976468,0.408118884,0.506791139,0.707744448,1.42889552e-05
legacy,0.5,0.150000006,0,24390.3262,43478.1992,32898.9267,32238.6498,1.78260016,0.0156594176,0.591881116,0.700056015,0.501257073,5.75067388e-05
legacy,0.5,0.150000006,1,14236.0771,25377.2324,19202.352,18816.9635,1.78260009,0.0156594177,0.591881116,0.700055768,0.501257046,5.75072718e-05
legacy,0.5,0.150000006,2,17795.3008,31721.9043,24003.2155,23521.4743,1.78260006,0.0156594177,0.591881116,0.700055807,0.501257063,5.75068965e-05
legacy,0.5,0.150000006,3,14757.9053,26307.4434,19906.2206,19506.7055,1.7826001,0.0156594175,0.591881116,0.700055834,0.501257056,5.7507292e-05
legacy,0.5,0.349999994,-1,0.455417275,0.627990901,0.545664294,0,0,0.0146527796,0.408118884,0.504640564,0.704704335,2.96593914e-05
legacy,0.5,0.349999994,0,11655.9287,43272.2852,24166.3234,21793.0273,3.71246996,0.0196784644,0.591156216,0.668141315,0.478052851,0.000140809585
legacy,0.5,0.349999994,1,6803.29932,25257.0449,14105.331,12720.0922,3.71247005,0.0196784644,0.591156216,0.668141293,0.478052812,0.000140810005
legacy,0.5,0.349999994,2,8504.22168,31571.6699,17631.8661,15900.2978,3.71247024,0.0196784643,0.591156216,0.6681413,0.478052854,0.00014081012
legacy,0.5,0.349999994,3,7052.67627,26182.8516,14622.3665,13186.3514,3.71247035,0.0196784645,0.591156216,0.66814128,0.478052805,0.000140809925
legacy,0.5,0.600000024,-1,0.456201822,0.733405113,0.604654612,0,0,0.0154746143,0.408118884,0.499311846,0.697279953,4.39997403e-05
legacy,0.5,0.600000024,0,5377.79346,43016.668,18113.3114,13941.9151,7.99894386,0.0234905016,0.620152229,0.60007852,0.428409491,0.000243351556
legacy,0.5,0.600000024,1,3900,25107.8477,10712.8091,8465.21932,6.43790966,0.0244269117,0.690467561,0.5536804,0.394984506,0.000237768032
legacy,0.5,0.600000024,2,3923.66406,31385.1699,13215.5594,10172.0885,7.99894421,0.0234905017,0.620152229,0.600078541,0.428409499,0.000243351781
legacy,0.5,0.600000024,3,3900,26028.1836,11071.1477,8699.96607,6.67389323,0.0242324458,0.682493657,0.561422299,0.40055929,0.000239086284
legacy,0.5,0.850000024,-1,0.456983417,0.816195846,0.655540388,0,0,0.0164996899,0.407756433,0.490530523,0.685164169,5.42584887e-05
legacy,0.5,0.850000024,0,5377.79346,42762,15373.5771,11207.682,7.95158839,0.0287133507,0.741935484,0.459065421,0.326035287,0.000313434488
legacy,0.5,0.850000024,1,3900,24959.2031,9290.31265,7159.30524,6.39979567,0.0298507391,0.772018847,0.428381241,0.303912144,0.000296566393
legacy,0.5,0.850000024,2,3923.66406,31199.3613,11216.636,8177.17886,7.95158832,0.0287133508,0.741935484,0.459065392,0.326035306,0.000313434823
legacy,0.5,0.850000024,3,3900,25874.0918,9567.93109,7305.0692,6.63438251,0.0296502173,0.768031896,0.43359365,0.307672375,0.000299744849
legacy,0.5,1,-1,0.457450837,0.855047703,0.6819194,0,0,0.0171981873,0.407756433,0.483439413,0.675430287,5.89268575e-05
legacy,0.5,1,0,5377.79346,42609.707,14366.3743,10389.7108,7.92326953,0.0310479838,0.772018847,0.410643733,0.290698156,0.00034452031
legacy,0.5,1,1,3900,24870.3125,8753.06112,6733.62796,6.37700321,0.032124413,0.797752809,0.384175664,0.271619787,0.000322446017
legacy,0.5,1,2,3923.66406,31088.248,10481.776,7580.38309,7.92326956,0.0310479837,0.772018847,0.410643713,0.290698168,0.000344520283
legacy,0.5,1,3,3900,25781.9434,9002.07534,6855.32321,6.61075471,0.0319362312,0.794490758,0.388690874,0.274875546,0.000326486971
legacy,1,0.150000006,-1,0.456053287,0.530724168,0.495530017,0,0,0.0276558079,0.397389413,0.248286341,0.356670478,4.17370399e-05
legacy,1,0.150000006,0,24414.4668,43065.0312,32532.5798,31901.6574,1.76391447,0.0292293546,0.599709935,0.352230276,0.245178043,0.000167633047
legacy,1,0.150000006,1,14250.166,25136.0742,18988.5237,18620.2687,1.76391448,0.0292293546,0.599709935,0.352230206,0.245178002,0.000167632935
legacy,1,0.150000006,2,17812.9121,31420.4551,23735.9271,23275.603,1.76391456,0.0292293547,0.599709935,0.352230298,0.245178035,0.000167632965
legacy,1,0.150000006,3,14772.5107,26057.4473,19684.5543,19302.8008,1.76391459,0.0292293543,0.599709935,0.352230205,0.245178026,0.00016763286
legacy,1,0.349999994,-1,0.458354324,0.627707839,0.54878774,0,0,0.0284419028,0.398114576,0.24725757,0.355000428,8.62556841e-05
legacy,1,0.349999994,0,11680.8574,42315.2695,23521.8876,21281.8376,3.62261673,0.0340214512,0.600435098,0.335614858,0.233362393,0.000407865023
legacy,1,0.349999994,1,6817.8501,24698.457,13729.1885,12421.7225,3.62261661,0.0340214516,0.600435098,0.33561487,0.233362384,0.000407866923
legacy,1,0.349999994,2,8522.41016,30873.4258,17161.6826,15527.3313,3.62261675,0.0340214515,0.600435098,0.335614882,0.233362395,0.000407865244
legacy,1,0.349999994,3,7067.76025,25603.7871,14232.4364,12877.0448,3.62261681,0.0340214513,0.600435098,0.335614864,0.233362396,0.0004078662
legacy,1,0.600000024,-1,0.461193025,0.73300612,0.609636287,0,0,0.0291983128,0.398114576,0.24465471,0.351029383,0.000127269274
legacy,1,0.600000024,0,5377.79346,41413.0742,17297.9747,13422.1691,7.70075581,0.0380777192,0.624365482,0.301813534,0.208947449,0.000698336481
legacy,1,0.600000024,1,3900,24171.8652,10243.953,8165.75616,6.19791416,0.0391836497,0.701232777,0.277370557,0.191665635,0.000680474364
legacy,1,0.600000024,2,3923.66406,30215.1777,12620.6857,9792.87934,7.70075553,0.0380777191,0.624365482,0.301813541,0.208947442,0.000698336493
legacy,1,0.600000024,3,3900,25057.8926,10583.4189,8388.63553,6.42510066,0.0389576555,0.693255983,0.281441923,0.194551107,0.000684662546
legacy,1,0.850000024,-1,0.46398297,0.815767407,0.661960082,0,0,0.0301125145,0.398114576,0.240354957,0.344740612,0.000156010491
legacy,1,0.850000024,0,5377.79346,40542.4922,14505.3809,10750.382,7.5388712,0.0437180308,0.746918057,0.229309238,0.156724487,0.000879121536
legacy,1,0.850000024,1,3900,23663.7285,8794.81202,6889.2212,6.0676227,0.045010075,0.783176215,0.213183935,0.145251232,0.000825851062
legacy,1,0.850000024,2,3923.66406,29580,10583.1959,7843.53054,7.53887171,0.0437180309,0.746918057,0.22930926,0.156724506,0.000879120372
legacy,1,0.850000024,3,3900,24531.1289,9052.10071,7025.65141,6.29003305,0.0447828091,0.778825236,0.215927248,0.147199712,0.000835909991
legacy,1,1,-1,0.465631306,0.854633451,0.689000499,0,0,0.0307305434,0.398839739,0.236881244,0.339780974,0.000168828099
legacy,1,1,0,5377.79346,40036.4688,13480.3254,9956.77438,7.4447762,0.0461615172,0.776649746,0.204647453,0.138757097,0.000951455287
legacy,1,1,1,3900,23368.373,8247.50937,6474.42758,5.99189052,0.0473894978,0.808556925,0.190664774,0.128829977,0.000882539063
legacy,1,1,2,3923.66406,29210.8008,9835.31039,7264.51062,7.44477619,0.0461615172,0.776649746,0.204647431,0.138757107,0.00095145684
legacy,1,1,3,3900,24224.9473,8475.76204,6587.73735,6.21152494,0.0471748651,0.805656273,0.193051339,0.130523247,0.000895219582
legacy,2,0.150000006,-1,0.460054487,0.530221939,0.498020822,0,0,0.053917085,0.381712627,0.11757491,0.181685854,5.64108367e-08
legacy,2,0.150000006,0,24507.9277,41772.9297,31852.7424,31303.4468,1.70446601,0.0596778138,0.615384615,0.17892466,0.115847089,2.58462765e-07
legacy,2,0.150000006,1,14304.7178,24381.9062,18591.7182,18271.1068,1.70446608,0.0596778148,0.615384615,0.178924605,0.115847067,2.58745695e-07
legacy,2,0.150000006,2,17881.1035,30477.7324,23239.9145,22839.1457,1.70446597,0.0596778146,0.615384615,0.178924609,0.115847066,2.57949877e-07
legacy,2,0.150000006,3,14829.0625,25275.6328,19273.2038,18940.8403,1.704466,0.0596778143,0.615384615,0.1789246,0.115847046,2.58421514e-07
legacy,2,0.349999994,-1,0.467541486,0.626626849,0.554369268,0,0,0.0538218442,0.381712627,0.117239933,0.180586595,4.76730512e-08
legacy,2,0.349999994,0,11778.5029,39457.9922,22302.9824,20398.4624,3.35000063,0.0626416513,0.615384615,0.170286183,0.110479873,2.64051663e-07
legacy,2,0.349999994,1,6874.84277,23030.7285,13017.7414,11906.1166,3.35000076,0.0626416509,0.615384615,0.170286208,0.110479874,2.62807327e-07
legacy,2,0.349999994,2,8593.65234,28788.7402,16272.3635,14882.8166,3.35000057,0.0626416508,0.615384615,0.17028618,0.110479867,2.65858338e-07
legacy,2,0.349999994,3,7126.84277,23874.9277,13494.911,12342.5392,3.35000062,0.0626416512,0.615384615,0.170286169,0.110479862,2.63873185e-07
legacy,2,0.600000024,-1,0.476540476,0.731472135,0.618485578,0,0,0.0540189043,0.383164006,0.11626173,0.178199263,1.57898193e-07
legacy,2,0.600000024,0,5377.79346,36845.7656,15735.6277,12538.7194,6.85146537,0.066012085,0.622641509,0.154200857,0.0999996718,6.23083022e-07
legacy,2,0.600000024,1,3900,21506.0332,9336.71026,7637.73694,5.51436749,0.0675361365,0.718432511,0.139898531,0.0904717859,6.27544142e-07
legacy,2,0.600000024,2,3923.66406,26882.8496,11480.7898,9148.31015,6.85146567,0.0660120852,0.622641509,0.154200857,0.0999996687,6.23193656e-07
legacy,2,0.600000024,3,3900,22294.3438,9641.02473,7842.45997,5.7164984,0.0672238396,0.709724238,0.142251633,0.092047231,6.19157124e-07
legacy,2,0.850000024,-1,0.485069513,0.814101517,0.673279638,0,0,0.0544248397,0.383164006,0.114546983,0.17466201,1.51247424e-07
legacy,2,0.850000024,0,5377.79346,34529.4062,12830.4797,9935.56415,6.42073864,0.0721069108,0.748911466,0.114408264,0.0730889206,1.08318375e-06
legacy,2,0.850000024,1,3900,20154.0254,7834.24992,6397.98168,5.16769882,0.0738595456,0.799709724,0.105095356,0.066781964,1.03973963e-06
legacy,2,0.850000024,2,3923.66406,25192.8203,9361.17987,7249.03553,6.42073835,0.0721069106,0.748911466,0.11440826,0.0730889186,1.08279782e-06
legacy,2,0.850000024,3,3900,20892.7773,8052.94271,6519.12263,5.3571224,0.0735514914,0.795355588,0.106667396,0.0678463636,1.06877133e-06
legacy,2,1,-1,0.489949554,0.853009284,0.701430689,0,0,0.0547373846,0.384615385,0.113125136,0.171990859,1.35619058e-07
legacy,2,1,0,5377.79346,33266.6016,11783.3474,9179.7424,6.18592027,0.0745707867,0.779390421,0.101256724,0.0640392314,3.86295872e-07
legacy,2,1,1,3900,19416.9551,7275.4124,6000.47112,4.97870643,0.0762498492,0.825834543,0.0931288794,0.0585534677,3.61735604e-07
legacy,2,1,2,3923.66406,24271.4727,8597.18707,6697.58434,6.18592017,0.0745707868,0.779390421,0.101256711,0.0640392312,3.88985061e-07
legacy,2,1,3,3900,20128.6895,7464.41464,6099.92632,5.16120242,0.0759551381,0.822931785,0.0945086521,0.0594840095,3.57821806e-07
legacy,4,0.150000006,-1,0.469371259,0.528441429,0.501635197,0,0,0.0932425134,0.363372093,0.0540648709,0.0926632258,6.53896906e-05
legacy,4,0.150000006,0,24844.4473,38912.1523,30837.8711,30455.6513,1.56623136,0.102595484,0.630813953,0.0912848115,0.05342923,0.000240981235
legacy,4,0.150000006,1,14501.1357,22712.1348,17999.3609,17776.268,1.56623144,0.102595483,0.630813953,0.0912848668,0.0534292438,0.000240983233
legacy,4,0.150000006,2,18126.627,28390.4941,22499.4594,22220.5901,1.5662315,0.102595484,0.630813953,0.0912848739,0.0534292641,0.00024098177
legacy,4,0.150000006,3,15032.6797,23544.6543,18659.1334,18427.863,1.56623136,0.102595481,0.630813953,0.0912848544,0.0534292453,0.000240979289
legacy,4,0.349999994,-1,0.488720477,0.622754335,0.562439968,0,0,0.0929764894,0.363372093,0.0541965292,0.0918856857,0.000133531631
legacy,4,0.349999994,0,12132.8008,33581.6133,20461.4033,19186.0132,2.76783687,0.105195145,0.630813953,0.0873520748,0.0517806286,0.000538825953
legacy,4,0.349999994,1,7081.63867,19600.8203,11942.8537,11198.4376,2.76783683,0.105195146,0.630813953,0.0873520609,0.0517806283,0.000538826171
legacy,4,0.349999994,2,8852.15039,24501.3066,14928.7385,13998.2077,2.76783669,0.105195145,0.630813953,0.0873520637,0.0517806201,0.000538824765
legacy,4,0.349999994,3,7341.21875,20319.2949,12380.623,11608.9201,2.76783673,0.105195145,0.630813953,0.0873520829,0.0517806274,0.000538825645
legacy,4,0.600000024,-1,0.511229634,0.725853682,0.631220888,0,0,0.0926835175,0.36627907,0.0542764365,0.090359377,0.000192875853
legacy,4,0.600000024,0,5541.94238,28291.877,13412.4844,11376.4166,5.10504711,0.107888222,0.627906977,0.0807365498,0.0486934214,0.000827102999
legacy,4,0.600000024,1,3900,16513.3223,7956.37507,6878.82583,4.2341852,0.109930216,0.726744186,0.0719757823,0.0434274124,0.000790600795
legacy,4,0.600000024,2,4043.42798,20641.8906,9785.81333,8300.28838,5.10504719,0.107888222,0.627906977,0.0807365454,0.0486934213,0.00082710156
legacy,4,0.600000024,3,3900,17118.623,8210.30421,7063.58673,4.38939052,0.109431332,0.718023256,0.0736066476,0.0444123672,0.000800021951
legacy,4,0.850000024,-1,0.531542838,0.807816267,0.689504184,0,0,0.0924530186,0.369186047,0.0541798289,0.0882680195,0.000230895748
legacy,4,0.850000024,0,5377.79346,24236.707,10364.8824,8743.71987,4.50681255,0.11497916,0.735465116,0.0569145341,0.0346256516,0.000835621005
legacy,4,0.850000024,1,3900,14146.4121,6414.40789,5661.26732,3.62728516,0.117755404,0.813953488,0.0506442841,0.030687838,0.000708032081
legacy,4,0.850000024,2,3923.66406,17683.2188,7562.26822,6379.46019,4.50681263,0.11497916,0.735465116,0.0569145368,0.0346256552,0.00083562113
legacy,4,0.850000024,3,3900,14664.9541,6576.87515,5762.39018,3.76024464,0.117267336,0.811046512,0.0516921864,0.0313439112,0.000727833111
legacy,4,1,-1,0.542649508,0.846751451,0.719201202,0,0,0.0923392748,0.375,0.053999337,0.0867717558,0.000246518304
legacy,4,1,0,5377.79346,22271.127,9351.36852,8032.64943,4.14131319,0.117594521,0.764534884,0.0490611952,0.0298696812,0.000761716888
legacy,4,1,1,3900,12999.1484,5880.00292,5286.6154,3.33311498,0.120244168,0.843023256,0.0435737371,0.026390974,0.000597887481
legacy,4,1,2,3923.66406,16249.1221,6822.80358,5860.65978,4.14131328,0.117594521,0.764534884,0.0490611944,0.0298696827,0.00076171515
legacy,4,1,3,3900,13475.6367,6012.82755,5367.43833,3.45529147,0.119778511,0.840116279,0.0444971159,0.0269734378,0.000629768347
legacy,7,0.150000006,-1,0.480333865,0.524740756,0.50443244,0,0,0.129929146,0.355329949,0.0296939897,0.0536579931,8.47157574e-05
legacy,7,0.150000006,0,25557.9766,35793.9844,30028.0802,29815.6047,1.40050149,0.147084074,0.634517766,0.0530850513,0.0295429942,0.000274466797
legacy,7,0.150000006,1,14917.6074,20892.1309,17526.7045,17402.6874,1.40050145,0.147084076,0.634517766,0.0530850406,0.0295429939,0.000274471395
legacy,7,0.150000006,2,18647.2246,26115.4629,21908.6321,21753.609,1.40050133,0.147084076,0.634517766,0.0530850294,0.0295429801,0.00027446869
legacy,7,0.150000006,3,15464.418,21657.9375,18169.1517,18040.5887,1.4005013,0.147084075,0.634517766,0.0530850309,0.0295429836,0.000274469063
legacy,7,0.349999994,-1,0.513618231,0.614606142,0.568714404,0,0,0.131254394,0.355329949,0.0299598451,0.0531033199,0.000172847606
legacy,7,0.349999994,0,12913.8525,27776.2812,18980.9066,18294.0943,2.15089038,0.14865394,0.634517766,0.0513669589,0.0291801595,0.00056984137
legacy,7,0.349999994,1,7537.52051,16212.3809,11078.7216,10677.845,2.15089045,0.148653939,0.634517766,0.0513669572,0.0291801577,0.000569844893
legacy,7,0.349999994,2,9422.00879,20265.709,13848.561,13347.4594,2.15089048,0.148653941,0.634517766,0.0513669666,0.0291801576,0.000569845859
legacy,7,0.349999994,3,7813.81104,16806.6504,11484.8158,11069.2449,2.1508903,0.148653941,0.634517766,0.0513669555,0.0291801577,0.000569844065
legacy,7,0.600000024,-1,0.551743627,0.713735521,0.64124755,0,0,0.131206423,0.360406091,0.0303799561,0.0520840214,0.000249427193
legacy,7,0.600000024,0,6080.53516,20776.7988,11593.8539,10543.9129,3.41693589,0.150280113,0.629441624,0.0485314248,0.0284937844,0.000802422162
legacy,7,0.600000024,1,3900,12126.9434,6820.88965,6243.07761,3.10947266,0.151714201,0.710659898,0.044466053,0.0261514326,0.000766566118
legacy,7,0.600000024,2,4436.3877,15158.8535,8458.9317,7692.88971,3.41693616,0.150280113,0.629441624,0.0485314236,0.0284937863,0.000802421268
legacy,7,0.600000024,3,3900,12571.4609,7041.96873,6424.95201,3.22345152,0.151031958,0.69035533,0.0459623542,0.0270150144,0.000784997127
legacy,7,0.850000024,-1,0.585189998,0.793792844,0.702493233,0,0,0.13079111,0.370558376,0.0308285935,0.0507514527,0.000296990519
legacy,7,0.850000024,0,5377.79346,16102.9404,8415.74958,7684.5839,2.9943397,0.158086085,0.69035533,0.0327726592,0.0199238894,0.000535349841
legacy,7,0.850000024,1,3900,9398.91895,5289.10487,4992.58635,2.40997922,0.162374631,0.822335025,0.0276569903,0.0167455569,0.000223441904
legacy,7,0.850000024,2,3923.66406,11748.7832,6140.17148,5606.70948,2.99433973,0.158086084,0.69035533,0.0327726603,0.0199238883,0.000535352327
legacy,7,0.850000024,3,3900,9743.43945,5406.76224,5077.21043,2.49831781,0.161608735,0.817258883,0.028492011,0.0172663737,0.000279716469
legacy,7,1,-1,0.602943718,0.832448483,0.733579885,0,0,0.130472388,0.375634518,0.0310939701,0.0498328829,0.000314752728
legacy,7,1,0,5377.79346,14066.6562,7501.09787,7003.27723,2.61569292,0.161436635,0.725888325,0.0268337957,0.0164971911,0.000190180105
legacy,7,1,1,3900,8210.38574,4825.34904,4642.09656,2.10522711,0.165550345,0.85786802,0.0223962151,0.0136688447,0.000174208205
legacy,7,1,2,3923.66406,10263.1006,5472.83718,5109.62485,2.61569299,0.161436635,0.725888325,0.0268337978,0.016497191,0.000190178889
legacy,7,1,3,3900,8511.34082,4913.58825,4706.03765,2.18239508,0.164806475,0.852791878,0.0231264568,0.014140037,0.000116067575
reference,0.200000003,0.150000006,-1,0.323952109,0.428014487,0.375849662,0,0,0.0114839841,0.486721811,1.46881235,1.4797895,1.49488419e-05
reference,0.200000003,0.150000006,0,595074.875,999716.062,787682.189,774613.042,1.67998365,0.0130140801,0.514729357,1.47396004,1.46273121,2.90774988e-05
reference,0.200000003,0.150000006,1,365707.688,665259.625,505881.683,494761.787,1.81910211,0.0130260686,0.514729357,1.470985,1.45950747,3.40195979e-05
reference,0.200000003,0.150000006,2,459771.906,846135.938,640395.641,625778.425,1.84033849,0.0130267465,0.514729357,1.47055178,1.45908369,3.46916913e-05
reference,0.200000003,0.150000006,3,388875.469,759187.375,559843.079,544521.995,1.95226348,0.0130354366,0.514729357,1.46764411,1.4562876,3.84394298e-05
reference,0.200000003,0.349999994,-1,0.269513756,0.515591204,0.388499362,0,0,0.0115080542,0.487882746,1.46056926,1.4720412,3.31816921e-05
reference,0.200000003,0.349999994,0,365996.781,1273597.38,781700.461,711846.09,3.47980485,0.013087019,0.513278189,1.43662165,1.42556305,6.79338907e-05
reference,0.200000003,0.349999994,1,213559.859,890400.938,511533.614,452797.758,4.16932723,0.0131128996,0.513278189,1.42413958,1.41302723,7.98826564e-05
reference,0.200000003,0.349999994,2,265225.875,1137736.88,648438.452,571304.479,4.28969034,0.013114424,0.513278189,1.42211637,1.41103806,8.13818547e-05
reference,0.200000003,0.349999994,3,216367.844,1060859.38,576569.246,496126.393,4.90303622,0.0131330517,0.513278189,1.4089163,1.39782716,9.05227105e-05
reference,0.200000003,0.600000024,-1,0.210513443,0.64091289,0.410666534,0,0,0.0115099297,0.488172979,1.44162279,1.4532919,5.28397115e-05
reference,0.200000003,0.600000024,0,169657.344,1613680.88,799536.32,604582.236,9.51141188,0.0131517706,0.513133072,1.3501971,1.33984857,0.000109955371
reference,0.200000003,0.600000024,1,94045.6562,1197249.38,545520.375,383700.025,12.7305122,0.0131919436,0.513133072,1.32190716,1.31139329,0.000128809256
reference,0.200000003,0.600000024,2,114347.562,1535576,693773.124,481677.921,13.4290226,0.0131943047,0.513133072,1.31670501,1.30622575,0.000130817216
reference,0.200000003,0.600000024,3,90288.4844,1502457.75,639432.945,418615.642,16.6406354,0.0132230779,0.513133072,1.28978468,1.27918888,0.000145334398
reference,0.200000003,0.850000024,-1,0.160796955,0.785036564,0.440024113,0,0,0.0115086891,0.488172979,1.4137185,1.42568256,6.8817541e-05
reference,0.200000003,0.850000024,0,63720.293,1925026.38,839036.612,479300.632,30.2105701,0.013213357,0.512987955,1.23410525,1.22464656,0.000139814827
reference,0.200000003,0.850000024,1,34404.5039,1508775.38,600989.439,305000.774,43.8540076,0.0132630271,0.512987955,1.19876249,1.18898291,0.000162840282
reference,0.200000003,0.850000024,2,40627.0938,1939117.5,766941.489,380014.2,47.7296632,0.0132657685,0.512987955,1.1912301,1.18148981,0.000164765873
reference,0.200000003,0.850000024,3,31695.3262,1987437,736383.483,332070.957,62.7044186,0.0133015142,0.512987955,1.15909659,1.1490949,0.000182848285
reference,0.200000003,1,-1,0.148648396,0.881081104,0.46224852,0,0,0.0115174432,0.477289218,1.34627667,1.3581303,7.38136191e-05
reference,0.200000003,1,0,31536.123,2002485.5,862117.155,401039.283,63.4981509,0.0132714818,0.524452184,1.09264544,1.08472174,0.000143794053
reference,0.200000003,1,1,17049.0684,1591614.5,632704.023,256135.325,93.3549251,0.0133336439,0.524452184,1.04887133,1.04104787,0.000164690787
reference,0.200000003,1,2,19693.623,2046256.62,808669.17,317273.558,103.904529,0.0133365707,0.524452184,1.04040409,1.03259175,0.000166300992
reference,0.200000003,1,3,15454.9639,2122954,792223.986,278634.544,137.363893,0.0133834051,0.524452184,1.0040089,0.996271703,0.00018246754
reference,0.5,0.150000006,-1,0.325358689,0.427830011,0.377597392,0,0,0.0282406376,0.471335269,0.577130104,0.602938599,3.6444217e-05
reference,0.5,0.150000006,0,595664.125,993224.438,779548.368,766956.183,1.66742363,0.0321392349,0.5308418,0.600498542,0.574147,7.12775364e-05
reference,0.5,0.150000006,1,366115.812,660153.312,499788.539,489098.655,1.80312702,0.032202775,0.5308418,0.599160098,0.572771918,8.32688219e-05
reference,0.5,0.150000006,2,460296.125,839534.125,632531.698,618480.607,1.82390005,0.032206449,0.5308418,0.598998624,0.572612487,8.49222599e-05
reference,0.5,0.150000006,3,389353.938,752581.438,552241.609,537538.171,1.93289798,0.0322524279,0.5308418,0.597745167,0.571328349,9.39991238e-05
reference,0.5,0.349999994,-1,0.272423953,0.515079439,0.392573993,0,0,0.0282394064,0.471698113,0.574719677,0.601005035,8.0891802e-05
reference,0.5,0.349999994,0,367032.688,1257303.38,762732.393,695493.322,3.42558965,0.0324151148,0.530478955,0.584874312,0.558780794,0.000167994509
reference,0.5,0.349999994,1,214217.438,876471.812,497018.767,440773.262,4.09150545,0.0325591412,0.530478955,0.579526184,0.553350728,0.000196746848
reference,0.5,0.349999994,2,266061.188,1119677.12,629700.476,555848.361,4.20834446,0.0325678099,0.530478955,0.578695283,0.552545061,0.000200483615
reference,0.5,0.349999994,3,217085.469,1041624.62,558100.107,481376.013,4.79822363,0.0326715169,0.530478955,0.573421325,0.547200633,0.000222310773
reference,0.5,0.600000024,-1,0.214810386,0.639897823,0.417676045,0,0,0.0282351315,0.471335269,0.568023655,0.594936786,0.000128763816
reference,0.5,0.600000024,0,170753.422,1587280.12,767966.069,580583.666,9.29574416,0.0327829744,0.530478955,0.550725625,0.52566344,0.000276037573
reference,0.5,0.600000024,1,94681.8516,1172269.5,520467.735,366215.789,12.3811425,0.0330125902,0.530478955,0.537602292,0.51239711,0.000321072194
reference,0.5,0.600000024,2,115141.906,1503199,661433.773,459313.158,13.055186,0.0330266136,0.530478955,0.535383542,0.510250911,0.000326199556
reference,0.5,0.600000024,3,90931.6641,1465223.25,606441.587,397337.442,16.1134547,0.0331911551,0.530478955,0.524236179,0.498878327,0.000360327502
reference,0.5,0.850000024,-1,0.166041121,0.783388317,0.450033808,0,0,0.028229857,0.471335269,0.557894936,0.585476165,0.000167894536
reference,0.5,0.850000024,0,64505.2734,1890707.88,796610.806,451731.984,29.310904,0.0331583508,0.5308418,0.503070011,0.479554575,0.000356243224
reference,0.5,0.850000024,1,34831.9297,1472809,565848.546,285094.509,42.2833019,0.0334491614,0.5308418,0.487220408,0.463187592,0.000410764465
reference,0.5,0.850000024,2,41147.8828,1892570.5,721598.219,354729.057,45.9943591,0.0334661623,0.5308418,0.483988787,0.460059644,0.000415804018
reference,0.5,0.850000024,3,32101.0781,1929477.38,688201.931,308041.247,60.1063107,0.0336749195,0.5308418,0.470550039,0.446170248,0.00045757842
reference,0.5,1,-1,0.150288165,0.878993213,0.473990828,0,0,0.0282518776,0.447024673,0.537403913,0.564714737,0.000182266874
reference,0.5,1,0,32049.5762,1991186,815037.235,373487.665,62.1283099,0.0334534516,0.554063861,0.45343294,0.43254863,0.000377582011
reference,0.5,1,1,17323.1719,1579384.25,592979.839,236374.695,91.1717705,0.0338019776,0.554063861,0.438341737,0.415144303,0.000430468835
reference,0.5,1,2,20020.7441,2030446.25,757431.613,292304.788,101.417122,0.033820392,0.554063861,0.43497114,0.411828207,0.000434885781
reference,0.5,1,3,15707.6299,2102771.5,736797.279,254937.622,133.869433,0.0340785253,0.554063861,0.423241347,0.397091955,0.000475287387
reference,1,0.150000006,-1,0.329591036,0.427152127,0.380221863,0,0,0.0537735676,0.448476052,0.27539093,0.313668141,6.48750606e-05
reference,1,0.150000006,0,597855.875,973452.375,766941.166,755665.378,1.62823921,0.0614840802,0.555152395,0.31236081,0.272976816,0.000124106745
reference,1,0.150000006,1,367634.656,644647.562,490262.241,480730.999,1.75350052,0.061667101,0.555152395,0.311625514,0.272163369,0.000144050771
reference,1,0.150000006,2,462247.062,819480.25,620229.996,607703.247,1.77281873,0.0616782401,0.555152395,0.311545166,0.272084328,0.000146891321
reference,1,0.150000006,3,391135.438,732556.312,540277.936,527211.128,1.87289681,0.0618097816,0.555152395,0.310892479,0.271384305,0.000161812656
reference,1,0.349999994,-1,0.28145498,0.513289213,0.39864969,0,0,0.0537364894,0.447750363,0.274400503,0.313631209,0.000144267169
reference,1,0.349999994,0,370732.812,1208945.12,732530.407,672284.981,3.26096068,0.0623256859,0.555878084,0.305058258,0.265378938,0.000296702638
reference,1,0.349999994,1,216568.984,835590.375,473532.44,423627.666,3.85831045,0.0627376234,0.555878084,0.301875933,0.262286151,0.00034261351
reference,1,0.349999994,2,269049.156,1066714.62,599352.327,533839.625,3.96475737,0.0627637596,0.555878084,0.301453104,0.261896467,0.000349149757
reference,1,0.349999994,3,219654.406,985707.75,527869.933,460312.517,4.48753916,0.0630601718,0.555878084,0.299039952,0.259431287,0.000383059901
reference,1,0.600000024,-1,0.228524104,0.636383832,0.428011614,0,0,0.0537233664,0.446298984,0.271898046,0.312305198,0.000230860762
reference,1,0.600000024,0,174541.203,1502998.88,715808.187,548117.083,8.6111408,0.0634652294,0.557329463,0.288309579,0.249185835,0.000496339918
reference,1,0.600000024,1,96883.1719,1093848.5,478167.765,342342.151,11.290387,0.0641339129,0.557329463,0.281366537,0.242376008,0.000563248163
reference,1,0.600000024,2,117889.914,1401515.12,606758.823,428848.905,11.8883378,0.0641782651,0.557329463,0.280186687,0.241307732,0.000572363915
reference,1,0.600000024,3,93158.7266,1349738.38,549915.618,368190.25,14.4885876,0.0646563242,0.557329463,0.274383903,0.235565869,0.000620049059
reference,1,0.850000024,-1,0.183142141,0.777706146,0.46460896,0,0,0.0537076826,0.445573295,0.267839367,0.309323649,0.000302767306
reference,1,0.850000024,0,67156.5469,1779904.62,724305.755,416311.046,26.503814,0.0646765993,0.558055152,0.264543283,0.226729858,0.000654256961
reference,1,0.850000024,1,36278.4844,1359553.62,504533.759,259150.648,37.4754803,0.0655440053,0.558055152,0.255637604,0.217805199,0.000728304101
reference,1,0.850000024,2,42909.3828,1745923,642372.992,321890.865,40.6886067,0.0656013223,0.558055152,0.253993732,0.216331286,0.000737486992
reference,1,0.850000024,3,33475.5312,1750409,602875.152,276562.696,52.2892075,0.0662202559,0.558055152,0.246360233,0.20875744,0.000788549758
reference,1,1,-1,0.164967239,0.871812046,0.491126507,0,0,0.0537360576,0.436139332,0.261419109,0.302662378,0.00033279452
reference,1,1,0,33845.1016,1893988.62,732048.389,338951.52,55.9604947,0.0655465068,0.567489115,0.250145559,0.208232716,0.000714079261
reference,1,1,1,18282.7598,1476228.12,521075.245,211143.397,80.7442719,0.0665585685,0.567489115,0.243820389,0.199124543,0.000785685027
reference,1,1,2,21166.6055,1896994.88,664553.565,260560.749,89.6220642,0.0666226082,0.567489115,0.242064626,0.197499332,0.000794086005
reference,1,1,3,16593.2188,1934960.38,634768.435,224465.456,116.611515,0.0673571456,0.567489115,0.23668768,0.190219831,0.000842609664
reference,2,0.150000006,-1,0.340171576,0.424683779,0.384217326,0,0,0.0947524609,0.419448476,0.12720641,0.166041591,2.71594682e-08
reference,2,0.150000006,0,605980.938,924401.75,747321.961,739030.532,1.52546341,0.110179346,0.587808418,0.165589823,0.12529208,8.23877977e-08
reference,2,0.150000006,1,373277.562,606565.25,475347.886,468395.462,1.6249711,0.110483024,0.587808418,0.165187219,0.124916872,8.83786684e-08
reference,2,0.150000006,2,469498.5,770236.062,600964.598,591828.427,1.64055064,0.110501126,0.587808418,0.165140598,0.124878005,8.70750284e-08
reference,2,0.150000006,3,397767.531,683739.562,521471.292,511997.62,1.71894262,0.11072235,0.587808418,0.164798767,0.12456498,9.46300982e-08
reference,2,0.349999994,-1,0.304662347,0.506911099,0.407825565,0,0,0.0949059154,0.417997097,0.12652885,0.16686287,4.66138872e-08
reference,2,0.349999994,0,384542.062,1086600.62,683732.285,639433.762,2.82570031,0.111733208,0.589259797,0.163414364,0.122102264,1.87811824e-07
reference,2,0.349999994,1,225382.047,734667.438,435279.537,399277.261,3.25965376,0.112462782,0.589259797,0.162002218,0.120853572,2.14089376e-07
reference,2,0.349999994,2,280260.75,935964.688,549882.192,502635.933,3.339621,0.112513091,0.589259797,0.161802981,0.12069387,2.25094395e-07
reference,2,0.349999994,3,229321.141,850126.438,478422.308,430406.988,3.70714377,0.113036534,0.589259797,0.160598284,0.119640003,2.43014128e-07
reference,2,0.600000024,-1,0.265330523,0.623907149,0.44345316,0,0,0.0949930505,0.41509434,0.125225902,0.167335342,1.20462006e-07
reference,2,0.600000024,0,189298.531,1287750.25,628008.597,504912.625,6.80274824,0.114121255,0.592162554,0.156567343,0.114946953,1.15599194e-07
reference,2,0.600000024,1,105503.086,902565.438,406795.97,310288.015,8.5548724,0.115331627,0.592162554,0.153164816,0.112050413,1.5105439e-07
reference,2,0.600000024,2,128679.156,1153515.5,514404.697,388072.686,8.96427622,0.115427043,0.592162554,0.152610825,0.111617303,1.57815108e-07
reference,2,0.600000024,3,101929.039,1077737,454760.758,329026.407,10.5734049,0.11628411,0.592162554,0.149722842,0.109203952,1.86280143e-07
reference,2,0.850000024,-1,0.231093615,0.75777632,0.48612825,0,0,0.0950448736,0.412191582,0.123553054,0.167345261,4.69578569e-08
reference,2,0.850000024,0,77317.1797,1478542.5,597412.819,372145.08,19.1230785,0.11686167,0.593613933,0.145609986,0.104675941,5.27463767e-07
reference,2,0.850000024,1,41844.9922,1071500,397699.96,226238.388,25.6064094,0.118452844,0.593613933,0.140845082,0.100639239,5.95862374e-07
reference,2,0.850000024,2,49705.9648,1372553.25,504149.541,280424.108,27.6134515,0.118589703,0.593613933,0.139890747,0.0999030079,6.15897326e-07
reference,2,0.850000024,3,38790.4102,1317315.12,455895.766,236509.105,33.9598143,0.119704429,0.593613933,0.13593842,0.0966302697,6.7724672e-07
reference,2,1,-1,0.216462418,0.846687078,0.516291909,0,0,0.0951173528,0.407837446,0.121627692,0.167986834,1.87057732e-07
reference,2,1,0,40857.6758,1563662.25,583211.306,297529.361,38.2709545,0.118834822,0.599419448,0.140417065,0.0970536653,4.31890932e-07
reference,2,1,1,22040.3242,1150111.38,393924.003,180185.98,52.1821441,0.120660708,0.599419448,0.135538057,0.0928316076,5.22828672e-07
reference,2,1,2,25669.2891,1474488.25,500090.172,221828.641,57.4417253,0.120822771,0.599419448,0.134513729,0.092042707,5.41462243e-07
reference,2,1,3,20076.5137,1432430.75,457447.892,186910.933,71.3485804,0.122105011,0.599419448,0.130558201,0.0887394339,6.0601379e-07
reference,4,0.150000006,-1,0.356899023,0.418001473,0.388340696,0,0,0.149000737,0.397101449,0.059782542,0.0871613434,8.79992745e-05
reference,4,0.150000006,0,627808.5,850132.812,726498.079,722345.932,1.35412759,0.174208094,0.614492754,0.0881410448,0.0582638089,0.000107203693
reference,4,0.150000006,1,388499.062,550014.75,459468.331,456019.756,1.4157428,0.174686243,0.614492754,0.0880262714,0.058172883,0.000119902084
reference,4,0.150000006,2,489054.5,697182.5,580443.2,575911.87,1.4255722,0.174727795,0.614492754,0.0880171197,0.058165552,0.000122082623
reference,4,0.150000006,3,415704.562,612347.375,501412.635,496746.923,1.47303501,0.175049113,0.614492754,0.087921824,0.0580894807,0.00013088467
reference,4,0.349999994,-1,0.342557013,0.489800721,0.41719283,0,0,0.14800631,0.397101449,0.0592107786,0.0879486471,0.000197538947
reference,4,0.349999994,0,424463.062,904206.125,630522.124,608443.243,2.13023512,0.176799078,0.617391304,0.0878660644,0.0569627502,0.000241174438
reference,4,0.349999994,1,251145.047,591062.25,393770.068,376232.871,2.35346967,0.177614886,0.617391304,0.0875017613,0.0566676233,0.000255134563
reference,4,0.349999994,2,313097.562,750203.812,496169.133,473164.052,2.39607043,0.177682671,0.617391304,0.0874476391,0.0566279083,0.000259005471
reference,4,0.349999994,3,257850.188,664047.75,425117.444,402145.969,2.5753239,0.178255937,0.617391304,0.0870594954,0.0563365396,0.000266056721
reference,4,0.600000024,-1,0.327934772,0.591192782,0.459022347,0,0,0.147820492,0.391304348,0.0584014254,0.0887628312,0.000321123017
reference,4,0.600000024,0,232852.656,960236.812,527964.109,466944.446,4.12379583,0.179990903,0.623188406,0.0860947511,0.0543934414,0.000363017869
reference,4,0.600000024,1,131322.188,634318.188,327695.467,281778.888,4.83024384,0.181282763,0.623188406,0.0848587584,0.0535171668,0.000349167606
reference,4,0.600000024,2,161103.375,806112.875,411988.946,351935.402,5.00369949,0.181410614,0.623188406,0.084649342,0.0533794395,0.000351285791
reference,4,0.600000024,3,128540.555,719237.375,352050.136,294198.701,5.5954121,0.182311898,0.623188406,0.0836901972,0.052697203,0.00033353449
reference,4,0.850000024,-1,0.316808134,0.706427336,0.507578261,0,0,0.147814536,0.385507246,0.0575893861,0.0895312488,0.000429412156
reference,4,0.850000024,0,110493.852,1002965.31,446836.697,336413.829,9.07711423,0.183750695,0.626086957,0.0822959597,0.0505764556,0.000385035827
reference,4,0.850000024,1,60271.3086,667819.938,277917.312,198841.907,11.0802296,0.185440245,0.626086957,0.0804601223,0.0492887352,0.000317043822
reference,4,0.850000024,2,72368.1406,849446.75,349105.016,246099.149,11.7378551,0.185642334,0.626086957,0.0800528573,0.0490152196,0.000311730306
reference,4,0.850000024,3,56650.1445,762504.812,299177.505,203049.036,13.4598917,0.186801515,0.626086957,0.0786396052,0.0480352358,0.000253364344
reference,4,1,-1,0.314338863,0.782709479,0.541195069,0,0,0.147888466,0.382608696,0.0568880322,0.0906476064,0.000481021368
reference,4,1,0,65254.3242,1009297.94,403961.76,265698.136,15.4671426,0.186484417,0.628985507,0.0798465713,0.0476289818,0.000347772388
reference,4,1,1,35239.8711,672818.812,251612.728,155416.243,19.0925447,0.188381864,0.628985507,0.077693002,0.0461436808,0.000245603066
reference,4,1,2,41645.3203,855912.188,315983.88,191049.143,20.5524218,0.188635857,0.628985507,0.0771749532,0.0458055396,0.000234001285
reference,4,1,3,32488.6133,768991.75,271156.948,156678.522,23.6695775,0.189925072,0.628985507,0.0755399863,0.0446872814,0.000152936581
reference,7,0.150000006,-1,0.369837344,0.410272807,0.390430644,0,0,0.181087644,0.390862944,0.0334628924,0.0506074052,6.48935723e-05
reference,7,0.150000006,0,654037.5,793919.625,716150.705,714481.687,1.21387478,0.233291068,0.629441624,0.0521839205,0.0316781024,1.05962374e-05
reference,7,0.150000006,1,406942.531,508065.969,451560.623,450181.442,1.24849562,0.233273808,0.629441624,0.052121907,0.0316405886,9.75898666e-06
reference,7,0.150000006,2,512766.688,643036.312,570222.144,568410.132,1.25405243,0.233254741,0.629441624,0.052120444,0.0316397086,9.82047948e-06
reference,7,0.150000006,3,437583,560202.062,491416.16,489557.43,1.28021898,0.233283752,0.629441624,0.0520684858,0.0316083497,8.81367041e-06
reference,7,0.349999994,-1,0.372639149,0.470348239,0.421912839,0,0,0.183192158,0.390862944,0.0330299012,0.0511080961,0.000145933414
reference,7,0.349999994,0,474439.5,771892.5,603202.808,594348.838,1.62695665,0.233505464,0.634517766,0.0521456576,0.0309376974,2.45642748e-06
reference,7,0.349999994,1,283969.719,491836.031,372645.317,365698.969,1.73200168,0.233985357,0.634517766,0.0520122196,0.0308488104,1.14332293e-05
reference,7,0.349999994,2,355030.969,622104,468824.524,459714.699,1.75225277,0.234017964,0.634517766,0.0519931803,0.0308370135,1.2809643e-05
reference,7,0.349999994,3,294728.469,540229.312,398237.445,389226.93,1.83297296,0.234372346,0.634517766,0.0518822731,0.0307642269,2.42228178e-05
reference,7,0.600000024,-1,0.379395127,0.554705381,0.46679146,0,0,0.183972806,0.38071066,0.0325268327,0.0517508056,0.000237652345
reference,7,0.600000024,0,291716.094,732624.625,475143.226,450770.022,2.51143026,0.235514576,0.639593909,0.052137323,0.0300903202,6.39657325e-05
reference,7,0.600000024,1,167080.578,463187.5,287349.641,269421.794,2.77224023,0.23643146,0.639593909,0.0517470255,0.0298477823,0.00010895284
reference,7,0.600000024,2,206241.062,585177.312,359755.537,336321.353,2.83734629,0.236527167,0.639593909,0.0516817277,0.0298108104,0.000115620367
reference,7,0.600000024,3,166186.891,505245.688,301233.506,279060.763,3.04022589,0.237171502,0.639593909,0.0513802498,0.0296218274,0.000151769617
reference,7,0.850000024,-1,0.389777422,0.6500597,0.518183208,0,0,0.184364425,0.375634518,0.0320505797,0.0523802418,0.000318774174
reference,7,0.850000024,0,161214.406,681383.25,365967.856,322336.784,4.22656552,0.238456049,0.644670051,0.051170846,0.0287353827,0.000227721294
reference,7,0.850000024,1,89156.9375,426346.219,217749.869,187591.232,4.78197469,0.239707252,0.644670051,0.0505482669,0.0283568401,0.000316150432
reference,7,0.850000024,2,108240.031,537731.375,271308.814,232074.102,4.96795288,0.239882318,0.644670051,0.0504089846,0.0282744444,0.000333313019
reference,7,0.850000024,3,85351.8047,460766.25,224789.099,189190.833,5.39843594,0.240736447,0.644670051,0.0499500421,0.0279947215,0.000399434064
reference,7,1,-1,0.399841398,0.713270724,0.553433181,0,0,0.184555426,0.375634518,0.0316950668,0.0530418409,0.000357528737
reference,7,1,0,106225.266,638910.438,307869.943,253834.301,6.01467489,0.24070558,0.644670051,0.0504775596,0.0276595289,0.000366493589
reference,7,1,1,57879.5,396281.094,181593.393,145592.427,6.84665717,0.242112817,0.644670051,0.0497176206,0.0272054739,0.000478297199
reference,7,1,2,69413.5078,499054,225582.29,178920.013,7.18958047,0.242346692,0.644670051,0.0495272746,0.0270927421,0.000503577782
reference,7,1,3,54309.8125,424909.75,185844.197,144531.786,7.82381177,0.243290645,0.644670051,0.0489602534,0.0267545219,0.000583664253
