sample_rate,algorithm,frequency,gain_db,phase_unwrapped_rad,group_delay_samples,phase_delay_samples,impulse_peak_index
44100,direct,0,-2.19424e-07,0,-0,-0,0
44100,direct,80,-2.19424e-07,0,-0,-0,0
44100,direct,440,-2.19424e-07,0,-0,-0,0
44100,direct,1000,-2.19424e-07,0,-0,-0,0
44100,direct,3000,-2.19424e-07,0,-0,-0,0
44100,direct,5000,-2.19424e-07,0,-0,-0,0
44100,direct,7000,-2.19424e-07,0,-0,-0,0
44100,direct,10000,-2.19424e-07,0,-0,-0,0
44100,direct,15000,-2.19424e-07,0,-0,-0,0
48000,direct,0,-2.19424e-07,0,-0,-0,0
48000,direct,80,-2.19424e-07,0,-0,-0,0
48000,direct,440,-2.19424e-07,0,-0,-0,0
48000,direct,1000,-2.19424e-07,0,-0,-0,0
48000,direct,3000,-2.19424e-07,0,-0,-0,0
48000,direct,5000,-2.19424e-07,0,-0,-0,0
48000,direct,7000,-2.19424e-07,0,-0,-0,0
48000,direct,10000,-2.19424e-07,0,-0,-0,0
48000,direct,15000,-2.19424e-07,0,-0,-0,0
96000,direct,0,-2.19424e-07,0,-0,-0,0
96000,direct,80,-2.19424e-07,0,-0,-0,0
96000,direct,440,-2.19424e-07,0,-0,-0,0
96000,direct,1000,-2.19424e-07,0,-0,-0,0
96000,direct,3000,-2.19424e-07,0,-0,-0,0
96000,direct,5000,-2.19424e-07,0,-0,-0,0
96000,direct,7000,-2.19424e-07,0,-0,-0,0
96000,direct,10000,-2.19424e-07,0,-0,-0,0
96000,direct,15000,-2.19424e-07,0,-0,-0,0
192000,direct,0,-2.19424e-07,0,-0,-0,0
192000,direct,80,-2.19424e-07,0,-0,-0,0
192000,direct,440,-2.19424e-07,0,-0,-0,0
192000,direct,1000,-2.19424e-07,0,-0,-0,0
192000,direct,3000,-2.19424e-07,0,-0,-0,0
192000,direct,5000,-2.19424e-07,0,-0,-0,0
192000,direct,7000,-2.19424e-07,0,-0,-0,0
192000,direct,10000,-2.19424e-07,0,-0,-0,0
192000,direct,15000,-2.19424e-07,0,-0,-0,0
44100,midpoint,0,-1.23877e-07,0,0.888889,0.888889,1
44100,midpoint,80,-0.000445912,-0.0101314,0.888826,0.888868,1
44100,midpoint,440,-0.0134735,-0.0556845,0.887007,0.888261,1
44100,midpoint,1000,-0.0693365,-0.126186,0.879265,0.885665,1
44100,midpoint,3000,-0.602682,-0.368229,0.810155,0.861501,1
44100,midpoint,5000,-1.57608,-0.584374,0.703955,0.820313,1
44100,midpoint,7000,-2.8719,-0.769205,0.594908,0.771263,1
44100,midpoint,10000,-5.26018,-0.993517,0.462229,0.697323,1
44100,midpoint,15000,-10.5988,-1.27117,0.334187,0.594801,1
48000,midpoint,0,-1.23877e-07,0,0.888889,0.888889,1
48000,midpoint,80,-0.000376416,-0.00930824,0.888836,0.888871,1
48000,midpoint,440,-0.0113746,-0.0511658,0.887299,0.888359,1
48000,midpoint,1000,-0.0585689,-0.115999,0.880749,0.886164,1
48000,midpoint,3000,-0.511713,-0.339898,0.82135,0.865543,1
48000,midpoint,5000,-1.34872,-0.54297,0.726674,0.829597,1
48000,midpoint,7000,-2.47632,-0.719794,0.624819,0.785546,1
48000,midpoint,10000,-4.56498,-0.938222,0.493647,0.716749,1
48000,midpoint,15000,-9.07356,-1.21128,0.356462,0.6169,1
96000,midpoint,0,-1.23877e-07,0,0.888889,0.888889,1
96000,midpoint,80,-9.41988e-05,-0.00465419,0.888876,0.888884,1
96000,midpoint,440,-0.00284537,-0.0255943,0.888491,0.888756,1
96000,midpoint,1000,-0.0146851,-0.0581328,0.886838,0.888204,1
96000,midpoint,3000,-0.131148,-0.173339,0.870814,0.882806,1
96000,midpoint,5000,-0.358896,-0.285494,0.840693,0.872406,1
96000,midpoint,7000,-0.688633,-0.39296,0.79979,0.857713,1
96000,midpoint,10000,-1.34872,-0.54297,0.726674,0.829597,1
96000,midpoint,15000,-2.7943,-0.75989,0.600562,0.774018,1
192000,midpoint,0,-1.23877e-07,0,0.888889,0.888889,1
192000,midpoint,80,-2.36427e-05,-0.0023271,0.888886,0.888888,1
192000,midpoint,440,-0.000711536,-0.0127986,0.888789,0.888856,1
192000,midpoint,1000,-0.00367405,-0.0290832,0.888375,0.888718,1
192000,midpoint,3000,-0.033001,-0.0871156,0.884289,0.887352,1
192000,midpoint,5000,-0.0913155,-0.14475,0.876246,0.884647,1
192000,midpoint,7000,-0.177957,-0.201735,0.864493,0.880652,1
192000,midpoint,10000,-0.358896,-0.285494,0.840693,0.872406,1
192000,midpoint,15000,-0.78566,-0.418947,0.788334,0.853472,1
44100,adaa1,0,-2.19424e-07,0,0.5,0.5,0
44100,adaa1,80,-0.000141275,-0.00569903,0.5,0.5,0
44100,adaa1,440,-0.00426782,-0.0313447,0.5,0.5,0
44100,adaa1,1000,-0.0220586,-0.0712379,0.5,0.5,0
44100,adaa1,3000,-0.199887,-0.213714,0.5,0.5,0
44100,adaa1,5000,-0.563055,-0.35619,0.5,0.5,0
44100,adaa1,7000,-1.12792,-0.498666,0.5,0.5,0
44100,adaa1,10000,-2.42028,-0.712379,0.5,0.5,0
44100,adaa1,15000,-6.35026,-1.06857,0.5,0.5,0
48000,adaa1,0,-2.19424e-07,0,0.5,0.5,0
48000,adaa1,80,-0.000119284,-0.00523599,0.5,0.5,0
48000,adaa1,440,-0.00360241,-0.0287979,0.5,0.5,0
48000,adaa1,1000,-0.0186173,-0.0654498,0.5,0.5,0
48000,adaa1,3000,-0.168521,-0.19635,0.5,0.5,0
48000,adaa1,5000,-0.473642,-0.327249,0.5,0.5,0
48000,adaa1,7000,-0.945384,-0.458149,0.5,0.5,0
48000,adaa1,10000,-2.01067,-0.654498,0.5,0.5,0
48000,adaa1,15000,-5.10522,-0.981748,0.5,0.5,0
96000,adaa1,0,-2.19424e-07,0,0.5,0.5,0
96000,adaa1,80,-2.99855e-05,-0.00261799,0.5,0.5,0
96000,adaa1,440,-0.000900674,-0.014399,0.5,0.5,0
96000,adaa1,1000,-0.004652,-0.0327249,0.5,0.5,0
96000,adaa1,3000,-0.0419262,-0.0981748,0.5,0.5,0
96000,adaa1,5000,-0.116797,-0.163625,0.5,0.5,0
96000,adaa1,7000,-0.229918,-0.229074,0.5,0.5,0
96000,adaa1,10000,-0.473642,-0.327249,0.5,0.5,0
96000,adaa1,15000,-1.0914,-0.490874,0.5,0.5,0
192000,adaa1,0,-2.19424e-07,0,0.5,0.5,0
192000,adaa1,80,-7.66094e-06,-0.001309,0.5,0.5,0
192000,adaa1,440,-0.000225327,-0.00719948,0.5,0.5,0
192000,adaa1,1000,-0.00116301,-0.0163625,0.5,0.5,0
192000,adaa1,3000,-0.0104691,-0.0490874,0.5,0.5,0
192000,adaa1,5000,-0.0291011,-0.0818123,0.5,0.5,0
192000,adaa1,7000,-0.0570994,-0.114537,0.5,0.5,0
192000,adaa1,10000,-0.116797,-0.163625,0.5,0.5,0
192000,adaa1,15000,-0.264286,-0.245437,0.5,0.5,0
44100,fir2,0,3.10293e-07,0,64,64,64
44100,fir2,80,5.57427e-07,-0.729476,64,64,64
44100,fir2,440,6.44622e-06,-4.01212,64,64,64
44100,fir2,1000,1.00221e-05,-9.11845,64,64,64
44100,fir2,3000,-7.36816e-06,-27.3554,64,64,64
44100,fir2,5000,2.68893e-05,-45.5923,64,64,64
44100,fir2,7000,-2.22647e-05,-63.8292,64,64,64
44100,fir2,10000,-8.03367e-05,-91.1845,64,64,64
44100,fir2,15000,0.000266343,-136.777,64,64,64
48000,fir2,0,3.10293e-07,0,64,64,64
48000,fir2,80,5.19106e-07,-0.670206,64,64,64
48000,fir2,440,5.66573e-06,-3.68614,64,64,64
48000,fir2,1000,1.11921e-05,-8.37758,64,64,64
48000,fir2,3000,-3.24056e-07,-25.1327,64,64,64
48000,fir2,5000,-7.49133e-06,-41.8879,64,64,64
48000,fir2,7000,3.86716e-05,-58.6431,64,64,64
48000,fir2,10000,7.42375e-05,-83.7758,64,64,64
48000,fir2,15000,-9.43006e-05,-125.664,64,64,64
96000,fir2,0,3.10293e-07,0,64,64,64
96000,fir2,80,3.62706e-07,-0.335103,64,64,64
96000,fir2,440,1.8342e-06,-1.84307,64,64,64
96000,fir2,1000,6.86875e-06,-4.18879,64,64,64
96000,fir2,3000,1.68001e-07,-12.5664,64,64,64
96000,fir2,5000,1.59678e-05,-20.944,64,64,64
96000,fir2,7000,-2.0008e-06,-29.3215,64,64,64
96000,fir2,10000,-7.49133e-06,-41.8879,64,64,64
96000,fir2,15000,-5.37045e-06,-62.8319,64,64,64
192000,fir2,0,3.10293e-07,0,64,64,64
192000,fir2,80,3.23409e-07,-0.167552,64,64,64
192000,fir2,440,7.03196e-07,-0.921534,64,64,64
192000,fir2,1000,2.25442e-06,-2.0944,64,64,64
192000,fir2,3000,1.09855e-05,-6.28319,64,64,64
192000,fir2,5000,6.51969e-06,-10.472,64,64,64
192000,fir2,7000,-2.19865e-06,-14.6608,64,64,64
192000,fir2,10000,1.59678e-05,-20.944,64,64,64
192000,fir2,15000,1.20947e-05,-31.4159,64,64,64
44100,fir4,0,8.88226e-08,0,64,64,64
44100,fir4,80,3.42564e-07,-0.729476,64,64,64
44100,fir4,440,6.35942e-06,-4.01212,64,64,64
44100,fir4,1000,9.85353e-06,-9.11845,64,64,64
44100,fir4,3000,-7.49947e-06,-27.3554,64,64,64
44100,fir4,5000,2.66874e-05,-45.5923,64,64,64
44100,fir4,7000,-2.23426e-05,-63.8292,64,64,64
44100,fir4,10000,-8.00262e-05,-91.1845,64,64,64
44100,fir4,15000,0.00026574,-136.777,64,64,64
48000,fir4,0,8.88226e-08,0,64,64,64
48000,fir4,80,3.03224e-07,-0.670206,64,64,64
48000,fir4,440,5.56572e-06,-3.68614,64,64,64
48000,fir4,1000,1.10625e-05,-8.37758,64,64,64
48000,fir4,3000,-5.94324e-07,-25.1327,64,64,64
48000,fir4,5000,-7.46458e-06,-41.8879,64,64,64
48000,fir4,7000,3.83978e-05,-58.6431,64,64,64
48000,fir4,10000,7.39587e-05,-83.7758,64,64,64
48000,fir4,15000,-9.44858e-05,-125.664,64,64,64
96000,fir4,0,8.88226e-08,0,64,64,64
96000,fir4,80,1.42645e-07,-0.335103,64,64,64
96000,fir4,440,1.65206e-06,-1.84307,64,64,64
96000,fir4,1000,6.78851e-06,-4.18879,64,64,64
96000,fir4,3000,-7.96685e-08,-12.5664,64,64,64
96000,fir4,5000,1.5766e-05,-20.944,64,64,64
96000,fir4,7000,-2.04522e-06,-29.3215,64,64,64
96000,fir4,10000,-7.46458e-06,-41.8879,64,64,64
96000,fir4,15000,-5.57947e-06,-62.8319,64,64,64
192000,fir4,0,8.88226e-08,0,64,64,64
192000,fir4,80,1.02292e-07,-0.167552,64,64,64
192000,fir4,440,4.92189e-07,-0.921534,64,64,64
192000,fir4,1000,2.0825e-06,-2.0944,64,64,64
192000,fir4,3000,1.09317e-05,-6.28319,64,64,64
192000,fir4,5000,6.28946e-06,-10.472,64,64,64
192000,fir4,7000,-2.36242e-06,-14.6608,64,64,64
192000,fir4,10000,1.5766e-05,-20.944,64,64,64
192000,fir4,15000,1.20019e-05,-31.4159,64,64,64
44100,allpass2,0,-1.60447e-07,0,3.15983,3.15983,4
44100,allpass2,80,-1.61327e-07,-0.0360161,3.15988,3.15985,4
44100,allpass2,440,-1.36786e-07,-0.198116,3.16119,3.16028,4
44100,allpass2,1000,2.68837e-08,-0.450532,3.16684,3.16217,4
44100,allpass2,3000,5.23966e-07,-1.35966,3.22386,3.18103,4
44100,allpass2,5000,2.5147e-07,-2.29371,3.34306,3.21979,4
44100,allpass2,7000,2.28363e-07,-3.27186,3.53596,3.28061,4
44100,allpass2,10000,1.26326e-07,-4.87562,4.01299,3.42207,4
44100,allpass2,15000,1.1184e-07,-8.26127,5.7959,3.86558,4
48000,allpass2,0,-1.60447e-07,0,3.15983,3.15983,4
48000,allpass2,80,-1.61202e-07,-0.0330898,3.15987,3.15984,4
48000,allpass2,440,-1.44485e-07,-0.182015,3.16097,3.16021,4
48000,allpass2,1000,4.42691e-09,-0.413879,3.16575,3.1618,4
48000,allpass2,3000,5.39138e-07,-1.24788,3.21374,3.1777,4
48000,allpass2,5000,3.0393e-07,-2.10108,3.31337,3.21022,4
48000,allpass2,7000,3.53685e-07,-2.98794,3.47261,3.26088,4
48000,allpass2,10000,-9.32788e-08,-4.42037,3.85629,3.37691,4
48000,allpass2,15000,2.75968e-08,-7.31138,5.17425,3.72366,4
96000,allpass2,0,-1.60447e-07,0,3.15983,3.15983,4
96000,allpass2,80,-1.60649e-07,-0.0165449,3.15984,3.15983,4
96000,allpass2,440,-1.63144e-07,-0.0909993,3.16012,3.15993,4
96000,allpass2,1000,-1.32107e-07,-0.206843,3.16131,3.16032,4
96000,allpass2,3000,1.44407e-07,-0.621303,3.17317,3.16427,4
96000,allpass2,5000,5.0095e-07,-1.0381,3.19711,3.17221,4
96000,allpass2,7000,4.68949e-07,-1.45885,3.23358,3.18423,4
96000,allpass2,10000,3.0393e-07,-2.10108,3.31337,3.21022,4
96000,allpass2,15000,2.53852e-07,-3.21685,3.52321,3.27666,4
192000,allpass2,0,-1.60447e-07,0,3.15983,3.15983,4
192000,allpass2,80,-1.60498e-07,-0.00827242,3.15983,3.15983,4
192000,allpass2,440,-1.61764e-07,-0.0454986,3.1599,3.15985,4
192000,allpass2,1000,-1.6279e-07,-0.103409,3.1602,3.15995,4
192000,allpass2,3000,-6.24096e-08,-0.310324,3.16316,3.16094,4
192000,allpass2,5000,7.0021e-08,-0.51753,3.16908,3.16291,4
192000,allpass2,7000,2.35224e-07,-0.725222,3.17801,3.16588,4
192000,allpass2,10000,5.0095e-07,-1.0381,3.19711,3.17221,4
192000,allpass2,15000,3.88881e-07,-1.56485,3.24473,3.18789,4
44100,allpass4,0,1.34225e-07,0,4.73975,4.73975,5
44100,allpass4,80,1.32567e-07,-0.0540242,4.7398,4.73976,5
44100,allpass4,440,7.80824e-08,-0.297164,4.74127,4.74026,5
44100,allpass4,1000,-1.92708e-07,-0.675674,4.74763,4.74237,5
44100,allpass4,3000,-2.7897e-07,-2.03609,4.81168,4.76358,5
44100,allpass4,5000,-1.74144e-07,-3.42444,4.9451,4.80704,5
44100,allpass4,7000,-2.9429e-07,-4.862,5.15971,4.87501,5
44100,allpass4,10000,-3.42677e-09,-7.16933,5.68452,5.03196,5
44100,allpass4,15000,8.91835e-08,-11.7872,7.59483,5.51541,5
48000,allpass4,0,1.34225e-07,0,4.73975,4.73975,5
48000,allpass4,80,1.32826e-07,-0.0496347,4.73979,4.73976,5
48000,allpass4,440,8.7737e-08,-0.273015,4.74103,4.74018,5
48000,allpass4,1000,-1.48321e-07,-0.620722,4.7464,4.74196,5
48000,allpass4,3000,-2.74938e-07,-1.86918,4.80033,4.75984,5
48000,allpass4,5000,-1.85532e-07,-3.13919,4.91192,4.79632,5
48000,allpass4,7000,-4.03114e-07,-4.44679,5.0894,4.853,5
48000,allpass4,10000,-1.43436e-07,-6.52145,5.51297,4.98202,5
48000,allpass4,15000,9.90731e-08,-10.5282,6.93586,5.36199,5
96000,allpass4,0,1.34225e-07,0,4.73975,4.73975,5
96000,allpass4,80,1.33876e-07,-0.0248173,4.73976,4.73975,5
96000,allpass4,440,1.23463e-07,-0.136498,4.74007,4.73985,5
96000,allpass4,1000,7.23665e-08,-0.310252,4.74141,4.7403,5
96000,allpass4,3000,-3.69259e-07,-0.931628,4.75475,4.74474,5
96000,allpass4,5000,-3.61385e-07,-1.55563,4.78165,4.75367,5
96000,allpass4,7000,-2.82461e-07,-2.18407,4.82258,4.76717,5
96000,allpass4,10000,-1.85532e-07,-3.13919,4.91192,4.79632,5
96000,allpass4,15000,-3.19016e-07,-4.7817,5.14557,4.8706,5
192000,allpass4,0,1.34225e-07,0,4.73975,4.73975,5
192000,allpass4,80,1.34137e-07,-0.0124086,4.73975,4.73975,5
192000,allpass4,440,1.31575e-07,-0.0682478,4.73983,4.73977,5
192000,allpass4,1000,1.20235e-07,-0.155112,4.74016,4.73989,5
192000,allpass4,3000,-2.19081e-08,-0.465446,4.74349,4.74099,5
192000,allpass4,5000,-2.67134e-07,-0.776106,4.75015,4.74321,5
192000,allpass4,7000,-4.51911e-07,-1.08731,4.76019,4.74655,5
192000,allpass4,10000,-3.61385e-07,-1.55563,4.78165,4.75367,5
192000,allpass4,15000,-2.61397e-07,-2.34209,4.83508,4.77127,5
44100,allpass2_adaa,0,5.32844e-07,0,3.40983,3.40983,4
44100,allpass2_adaa,80,-3.4733e-05,-0.0388657,3.40988,3.40985,4
44100,allpass2_adaa,440,-0.00106629,-0.213789,3.41119,3.41028,4
44100,allpass2_adaa,1000,-0.00551073,-0.486151,3.41684,3.41217,4
44100,allpass2_adaa,3000,-0.0496838,-1.46652,3.47386,3.43103,4
44100,allpass2_adaa,5000,-0.138483,-2.4718,3.59306,3.46979,4
44100,allpass2_adaa,7000,-0.272831,-3.52119,3.78596,3.53061,4
44100,allpass2_adaa,10000,-0.563054,-5.23181,4.26299,3.67207,4
44100,allpass2_adaa,15000,-1.30364,-8.79556,6.0459,4.11558,4
48000,allpass2_adaa,0,5.32844e-07,0,3.40983,3.40983,4
48000,allpass2_adaa,80,-2.92351e-05,-0.0357078,3.40987,3.40984,4
48000,allpass2_adaa,440,-0.000899967,-0.196414,3.41098,3.41021,4
48000,allpass2_adaa,1000,-0.00465139,-0.446604,3.41575,3.4118,4
48000,allpass2_adaa,3000,-0.0419257,-1.34606,3.46374,3.4277,4
48000,allpass2_adaa,5000,-0.116796,-2.26471,3.56337,3.46022,4
48000,allpass2_adaa,7000,-0.229918,-3.21702,3.72261,3.51088,4
48000,allpass2_adaa,10000,-0.473641,-4.74762,4.10629,3.62691,4
48000,allpass2_adaa,15000,-1.0914,-7.80225,5.42425,3.97366,4
96000,allpass2_adaa,0,5.32844e-07,0,3.40983,3.40983,4
96000,allpass2_adaa,80,-6.90913e-06,-0.0178539,3.40984,3.40983,4
96000,allpass2_adaa,440,-0.000224588,-0.0981988,3.41012,3.40993,4
96000,allpass2_adaa,1000,-0.00116231,-0.223205,3.41131,3.41032,4
96000,allpass2_adaa,3000,-0.0104685,-0.670391,3.42317,3.41427,4
96000,allpass2_adaa,5000,-0.0291005,-1.11992,3.44711,3.42221,4
96000,allpass2_adaa,7000,-0.0570988,-1.57339,3.48358,3.43423,4
96000,allpass2_adaa,10000,-0.116796,-2.26471,3.56337,3.46022,4
96000,allpass2_adaa,15000,-0.264285,-3.46229,3.77321,3.52666,4
192000,allpass2_adaa,0,5.32844e-07,0,3.40983,3.40983,4
192000,allpass2_adaa,80,-1.32765e-06,-0.00892692,3.40983,3.40983,4
192000,allpass2_adaa,440,-5.57472e-05,-0.0490984,3.4099,3.40986,4
192000,allpass2_adaa,1000,-0.000290171,-0.11159,3.4102,3.40995,4
192000,allpass2_adaa,3000,-0.00261599,-0.334868,3.41316,3.41094,4
192000,allpass2_adaa,5000,-0.00726877,-0.558437,3.41908,3.41291,4
192000,allpass2_adaa,7000,-0.0142509,-0.782491,3.42801,3.41588,4
192000,allpass2_adaa,10000,-0.0291005,-1.11992,3.44711,3.42221,4
192000,allpass2_adaa,15000,-0.0655684,-1.68757,3.49473,3.43789,4
44100,elliptic2,0,-0.0399994,0,3.12138,3.12138,4
44100,elliptic2,80,-0.0399734,-0.0355779,3.12144,3.1214,4
44100,elliptic2,440,-0.0392154,-0.195718,3.12334,3.12203,4
44100,elliptic2,1000,-0.0360534,-0.445201,3.13146,3.12475,4
44100,elliptic2,3000,-0.0129234,-1.34688,3.20944,3.15112,4
44100,elliptic2,5000,-0.000171003,-2.28074,3.35586,3.20157,4
44100,elliptic2,7000,-0.0196374,-3.26608,3.57426,3.27482,4
44100,elliptic2,10000,-0.0338511,-4.90278,4.15388,3.44113,4
44100,elliptic2,15000,-0.0397334,-8.59234,6.71245,4.02049,4
48000,elliptic2,0,-0.0399994,0,3.12138,3.12138,4
48000,elliptic2,80,-0.0399774,-0.0326872,3.12143,3.1214,4
48000,elliptic2,440,-0.039337,-0.17981,3.12303,3.12193,4
48000,elliptic2,1000,-0.0366517,-0.40896,3.1299,3.12422,4
48000,elliptic2,3000,-0.0159842,-1.23565,3.19608,3.14657,4
48000,elliptic2,5000,-0.000213962,-2.08752,3.32087,3.1895,4
48000,elliptic2,7000,-0.0116068,-2.97939,3.50311,3.25155,4
48000,elliptic2,10000,-0.039867,-4.43394,3.95295,3.38728,4
48000,elliptic2,15000,-0.0205895,-7.51533,5.76063,3.82753,4
96000,elliptic2,0,-0.0399994,0,3.12138,3.12138,4
96000,elliptic2,80,-0.0399939,-0.0163435,3.12139,3.12138,4
96000,elliptic2,440,-0.0398332,-0.0898932,3.12179,3.12151,4
96000,elliptic2,1000,-0.0391453,-0.20434,3.12351,3.12209,4
96000,elliptic2,3000,-0.0327207,-0.614134,3.14046,3.12776,4
96000,elliptic2,5000,-0.0219321,-1.02722,3.1737,3.13896,4
96000,elliptic2,7000,-0.010353,-1.44567,3.22209,3.15545,4
96000,elliptic2,10000,-0.000213962,-2.08752,3.32087,3.1895,4
96000,elliptic2,15000,-0.0180296,-3.21049,3.55991,3.27018,4
192000,elliptic2,0,-0.0399994,0,3.12138,3.12138,4
192000,elliptic2,80,-0.0399981,-0.00817175,3.12138,3.12138,4
192000,elliptic2,440,-0.0399578,-0.0449451,3.12148,3.12141,4
192000,elliptic2,1000,-0.0397848,-0.102153,3.12191,3.12156,4
192000,elliptic2,3000,-0.0380938,-0.306598,3.12618,3.12298,4
192000,elliptic2,5000,-0.0348484,-0.51146,3.13466,3.12582,4
192000,elliptic2,7000,-0.0303126,-0.717014,3.14729,3.13005,4
192000,elliptic2,10000,-0.0219321,-1.02722,3.1737,3.13896,4
192000,elliptic2,15000,-0.00781854,-1.55134,3.23642,3.16037,4
