factor,frequency_over_base_sample_rate,one_filter_gain_db,total_linear_gain_db
2,0,3.85731e-15,7.71462e-15
2,0.1,-7.22567e-06,-1.44513e-05
2,0.3,0.000112532,0.000225064
2,0.4,0.00131086,0.00262171
2,0.42,-0.00592983,-0.0118597
2,0.46,-6.0206,-12.0412
2,0.48,-21.6952,-43.3905
2,0.5,-63.3142,-126.628
2,0.55,-86.0727,-172.145
2,0.75,-127.96,-255.92
2,1,-137.507,-275.013
4,0,1.92865e-15,3.85731e-15
4,0.1,-7.12478e-06,-1.42496e-05
4,0.3,0.000112475,0.00022495
4,0.4,0.00131053,0.00262107
4,0.42,-0.00592958,-0.0118592
4,0.46,-6.0206,-12.0412
4,0.48,-21.6952,-43.3904
4,0.5,-63.3143,-126.629
4,0.55,-86.0671,-172.134
4,0.75,-128.446,-256.892
4,1,-143.527,-287.054
