sample_rate,combination,feedback,signal,alias_lower_bound_dbfs,unclassified_residual_dbfs,collision_bins
44100,A_direct,0,0,-32.9597,-105.053,0
44100,B_midpoint,0,0,-57.4042,-130.586,0
44100,C_os2_direct,0,0,-43.7873,-103.789,0
44100,D_os2_midpoint,0,0,-43.7873,-103.789,0
44100,E_os2_all,0,0,-43.7873,-103.789,0
44100,F_adaa_direct,0,0,-49.0317,-131.38,0
44100,G_os4_direct,0,0,-50.44,-130.723,0
44100,H_os2adaa_direct,0,0,-44.1222,-130.891,0
44100,A_direct,0,1,-34.8164,-64.5525,0
44100,B_midpoint,0,1,-47.9109,-83.8951,0
44100,C_os2_direct,0,1,-43.9709,-75.7765,0
44100,D_os2_midpoint,0,1,-43.9709,-75.7765,0
44100,E_os2_all,0,1,-43.9709,-75.7765,0
44100,F_adaa_direct,0,1,-45.8104,-85.6652,0
44100,G_os4_direct,0,1,-47.5221,-77.0132,0
44100,H_os2adaa_direct,0,1,-45.5787,-80.3726,0
44100,A_direct,0.25,0,-32.3819,-104.738,0
44100,B_midpoint,0.25,0,-58.1048,-129.339,0
44100,C_os2_direct,0.25,0,-46.7681,-105.199,0
44100,D_os2_midpoint,0.25,0,-45.6961,-107.414,0
44100,E_os2_all,0.25,0,-43.7548,-106.582,0
44100,F_adaa_direct,0.25,0,-50.515,-131.57,0
44100,G_os4_direct,0.25,0,-50.1392,-132.028,0
44100,H_os2adaa_direct,0.25,0,-44.7722,-131.142,0
44100,A_direct,0.25,1,-33.8589,-59.3121,0
44100,B_midpoint,0.25,1,-47.7312,-81.2119,0
44100,C_os2_direct,0.25,1,-45.3229,-66.8193,0
44100,D_os2_midpoint,0.25,1,-42.9505,-69.8613,0
44100,E_os2_all,0.25,1,-45.6292,-75.6279,0
44100,F_adaa_direct,0.25,1,-46.9187,-79.3997,0
44100,G_os4_direct,0.25,1,-47.4432,-63.0527,0
44100,H_os2adaa_direct,0.25,1,-43.7308,-72.6575,0
44100,A_direct,0.45,0,-32.9544,-129.915,0
44100,B_midpoint,0.45,0,-58.1697,-130.929,0
44100,C_os2_direct,0.45,0,-49.7678,-106.529,0
44100,D_os2_midpoint,0.45,0,-46.7238,-112.405,0
44100,E_os2_all,0.45,0,-43.1252,-131.603,0
44100,F_adaa_direct,0.45,0,-52.3921,-130.376,0
44100,G_os4_direct,0.45,0,-49.1638,-131.545,0
44100,H_os2adaa_direct,0.45,0,-45.6193,-130.178,0
44100,A_direct,0.45,1,-34.3428,-45.0078,0
44100,B_midpoint,0.45,1,-47.3355,-73.8436,0
44100,C_os2_direct,0.45,1,-45.2157,-52.4992,0
44100,D_os2_midpoint,0.45,1,-42.1844,-62.2748,0
44100,E_os2_all,0.45,1,-46.565,-45.0872,0
44100,F_adaa_direct,0.45,1,-47.4373,-65.5204,0
44100,G_os4_direct,0.45,1,-46.0766,-50.711,0
44100,H_os2adaa_direct,0.45,1,-41.3883,-61.7776,0
44100,A_direct,0.6,0,-32.7796,-128.025,0
44100,B_midpoint,0.6,0,-57.8414,-130.659,0
44100,C_os2_direct,0.6,0,-50.3179,-106.074,0
44100,D_os2_midpoint,0.6,0,-46.4458,-105.165,0
44100,E_os2_all,0.6,0,-42.4131,-131.167,0
44100,F_adaa_direct,0.6,0,-52.2863,-127.566,0
44100,G_os4_direct,0.6,0,-48.0626,-129.285,0
44100,H_os2adaa_direct,0.6,0,-45.3651,-106.961,0
44100,A_direct,0.6,1,-34.0053,-38.2925,0
44100,B_midpoint,0.6,1,-47.2384,-31.5864,0
44100,C_os2_direct,0.6,1,-43.6978,-49.6198,0
44100,D_os2_midpoint,0.6,1,-41.6014,-51.411,0
44100,E_os2_all,0.6,1,-39.2531,-19.9938,0
44100,F_adaa_direct,0.6,1,-46.5535,-51.7585,0
44100,G_os4_direct,0.6,1,-44.5452,-47.544,0
44100,H_os2adaa_direct,0.6,1,-40.0066,-58.0145,0
44100,A_direct,0.7,0,-32.5975,-105.008,0
44100,B_midpoint,0.7,0,-57.7252,-130.353,0
44100,C_os2_direct,0.7,0,-50.2429,-106.512,0
44100,D_os2_midpoint,0.7,0,-46.324,-105.314,0
44100,E_os2_all,0.7,0,-42.2117,-129.147,0
44100,F_adaa_direct,0.7,0,-52.1004,-129.736,0
44100,G_os4_direct,0.7,0,-47.8856,-128.994,0
44100,H_os2adaa_direct,0.7,0,-45.2649,-106.7,0
44100,A_direct,0.7,1,-33.8169,-38.1495,0
44100,B_midpoint,0.7,1,-47.1776,-32.7922,0
44100,C_os2_direct,0.7,1,-43.4957,-49.4319,0
44100,D_os2_midpoint,0.7,1,-41.4599,-51.3817,0
44100,E_os2_all,0.7,1,-40.15,-19.8805,0
44100,F_adaa_direct,0.7,1,-46.5083,-51.7266,0
44100,G_os4_direct,0.7,1,-44.3237,-47.3578,0
44100,H_os2adaa_direct,0.7,1,-39.8379,-57.8217,0
48000,A_direct,0,0,-33.9664,-101.928,0
48000,B_midpoint,0,0,-56.2189,-130.41,0
48000,C_os2_direct,0,0,-41.247,-107.268,0
48000,D_os2_midpoint,0,0,-41.247,-107.268,0
48000,E_os2_all,0,0,-41.247,-107.268,0
48000,F_adaa_direct,0,0,-47.441,-131.578,0
48000,G_os4_direct,0,0,-52.9631,-131.824,0
48000,H_os2adaa_direct,0,0,-41.2371,-100.77,0
48000,A_direct,0,1,-36.0901,-65.2769,26
48000,B_midpoint,0,1,-48.1329,-84.5409,26
48000,C_os2_direct,0,1,-42.4686,-75.0396,26
48000,D_os2_midpoint,0,1,-42.4686,-75.0396,26
48000,E_os2_all,0,1,-42.4686,-75.0396,26
48000,F_adaa_direct,0,1,-45.5339,-84.9483,26
48000,G_os4_direct,0,1,-44.4362,-76.2995,26
48000,H_os2adaa_direct,0,1,-43.7916,-79.2185,26
48000,A_direct,0.25,0,-33.2794,-106.613,0
48000,B_midpoint,0.25,0,-57.6466,-130.54,0
48000,C_os2_direct,0.25,0,-42.874,-101.968,0
48000,D_os2_midpoint,0.25,0,-42.3248,-104.238,0
48000,E_os2_all,0.25,0,-40.7652,-98.1647,0
48000,F_adaa_direct,0.25,0,-48.7822,-129.321,0
48000,G_os4_direct,0.25,0,-51.9141,-131.096,0
48000,H_os2adaa_direct,0.25,0,-42.4581,-97.9758,0
48000,A_direct,0.25,1,-34.4672,-58.4137,26
48000,B_midpoint,0.25,1,-48.259,-80.6855,26
48000,C_os2_direct,0.25,1,-43.6732,-69.8193,26
48000,D_os2_midpoint,0.25,1,-43.4245,-69.6638,26
48000,E_os2_all,0.25,1,-40.6553,-64.757,26
48000,F_adaa_direct,0.25,1,-47.0023,-77.0285,26
48000,G_os4_direct,0.25,1,-45.9673,-69.8168,26
48000,H_os2adaa_direct,0.25,1,-46.1284,-72.999,26
48000,A_direct,0.45,0,-33.6598,-130.887,0
48000,B_midpoint,0.45,0,-58.5256,-129.953,0
48000,C_os2_direct,0.45,0,-44.4914,-108.388,0
48000,D_os2_midpoint,0.45,0,-43.2832,-96.1645,0
48000,E_os2_all,0.45,0,-40.3297,-102.391,0
48000,F_adaa_direct,0.45,0,-50.983,-128.915,0
48000,G_os4_direct,0.45,0,-46.5151,-130.74,0
48000,H_os2adaa_direct,0.45,0,-43.7457,-129.243,0
48000,A_direct,0.45,1,-34.9854,-43.345,26
48000,B_midpoint,0.45,1,-47.3077,-72.1842,26
48000,C_os2_direct,0.45,1,-42.6926,-57.5311,26
48000,D_os2_midpoint,0.45,1,-44.7395,-63.4721,26
48000,E_os2_all,0.45,1,-40.9572,-48.5051,26
48000,F_adaa_direct,0.45,1,-47.9213,-60.4133,26
48000,G_os4_direct,0.45,1,-44.0258,-53.6535,26
48000,H_os2adaa_direct,0.45,1,-47.3662,-59.2134,26
48000,A_direct,0.6,0,-33.4493,-128.814,0
48000,B_midpoint,0.6,0,-58.6543,-129.524,0
48000,C_os2_direct,0.6,0,-44.7132,-105.932,0
48000,D_os2_midpoint,0.6,0,-43.2873,-96.1367,0
48000,E_os2_all,0.6,0,-39.9621,-99.5082,0
48000,F_adaa_direct,0.6,0,-51.1599,-130.587,0
48000,G_os4_direct,0.6,0,-43.4428,-132.043,0
48000,H_os2adaa_direct,0.6,0,-43.8198,-105.126,0
48000,A_direct,0.6,1,-34.9025,-36.5008,26
48000,B_midpoint,0.6,1,-37.7879,-50.481,26
48000,C_os2_direct,0.6,1,-41.6361,-26.4032,26
48000,D_os2_midpoint,0.6,1,-44.8336,-59.6218,26
48000,E_os2_all,0.6,1,-41.3289,-41.0518,26
48000,F_adaa_direct,0.6,1,-47.3953,-47.2095,26
48000,G_os4_direct,0.6,1,-42.2954,-40.4459,26
48000,H_os2adaa_direct,0.6,1,-45.3846,-53.6317,26
48000,A_direct,0.7,0,-33.2306,-108.675,0
48000,B_midpoint,0.7,0,-58.5908,-130.671,0
48000,C_os2_direct,0.7,0,-44.6316,-100.895,0
48000,D_os2_midpoint,0.7,0,-43.1765,-95.943,0
48000,E_os2_all,0.7,0,-39.8809,-100.782,0
48000,F_adaa_direct,0.7,0,-50.8984,-130.908,0
48000,G_os4_direct,0.7,0,-43.2995,-129.821,0
48000,H_os2adaa_direct,0.7,0,-43.7404,-102.64,0
48000,A_direct,0.7,1,-34.7139,-36.3599,26
48000,B_midpoint,0.7,1,-38.1437,-50.7719,26
48000,C_os2_direct,0.7,1,-41.4761,-26.2596,26
48000,D_os2_midpoint,0.7,1,-44.7074,-59.4246,26
48000,E_os2_all,0.7,1,-41.1578,-40.9052,26
48000,F_adaa_direct,0.7,1,-47.3582,-47.1672,26
48000,G_os4_direct,0.7,1,-42.1409,-40.3319,26
48000,H_os2adaa_direct,0.7,1,-45.2481,-53.4733,26
96000,A_direct,0,0,-56.1768,-109.009,0
96000,B_midpoint,0,0,-71.6245,-127.858,0
96000,C_os2_direct,0,0,-77.4565,-129.788,0
96000,D_os2_midpoint,0,0,-77.4565,-129.788,0
96000,E_os2_all,0,0,-77.4565,-129.788,0
96000,F_adaa_direct,0,0,-65.3779,-130.84,0
96000,G_os4_direct,0,0,-70.0404,-128.527,0
96000,H_os2adaa_direct,0,0,-77.6441,-129.764,0
96000,A_direct,0,1,-63.553,-69.4049,148
96000,B_midpoint,0,1,-80.9176,-80.6664,148
96000,C_os2_direct,0,1,-70.852,-77.2491,148
96000,D_os2_midpoint,0,1,-70.852,-77.2491,148
96000,E_os2_all,0,1,-70.852,-77.2491,148
96000,F_adaa_direct,0,1,-73.6128,-76.2094,148
96000,G_os4_direct,0,1,-75.5961,-77.3839,148
96000,H_os2adaa_direct,0,1,-71.1024,-78.2078,148
96000,A_direct,0.25,0,-51.3486,-129.229,0
96000,B_midpoint,0.25,0,-75.3175,-128.031,0
96000,C_os2_direct,0.25,0,-69.9214,-127.679,0
96000,D_os2_midpoint,0.25,0,-75.2194,-127.517,0
96000,E_os2_all,0.25,0,-80.9864,-128.585,0
96000,F_adaa_direct,0.25,0,-64.5482,-129.094,0
96000,G_os4_direct,0.25,0,-67.3466,-126.261,0
96000,H_os2adaa_direct,0.25,0,-72.8111,-127.996,0
96000,A_direct,0.25,1,-56.8281,-48.8002,148
96000,B_midpoint,0.25,1,-85.6365,-70.0232,148
96000,C_os2_direct,0.25,1,-72.7349,-74.6693,148
96000,D_os2_midpoint,0.25,1,-71.9771,-75.274,148
96000,E_os2_all,0.25,1,-65.0876,-68.9787,148
96000,F_adaa_direct,0.25,1,-74.6588,-58.2758,148
96000,G_os4_direct,0.25,1,-74.8585,-76.9841,148
96000,H_os2adaa_direct,0.25,1,-72.4216,-75.7478,148
96000,A_direct,0.45,0,-48.4213,-129.752,0
96000,B_midpoint,0.45,0,-80.5288,-128.732,0
96000,C_os2_direct,0.45,0,-66.796,-128.387,0
96000,D_os2_midpoint,0.45,0,-74.5483,-125.908,0
96000,E_os2_all,0.45,0,-80.4282,-127.661,0
96000,F_adaa_direct,0.45,0,-64.9374,-129.776,0
96000,G_os4_direct,0.45,0,-70.7722,-129.32,0
96000,H_os2adaa_direct,0.45,0,-67.3236,-128.504,0
96000,A_direct,0.45,1,-55.0796,-35.1246,148
96000,B_midpoint,0.45,1,-84.5662,-52.2554,148
96000,C_os2_direct,0.45,1,-73.0286,-71.2434,148
96000,D_os2_midpoint,0.45,1,-73.0598,-71.5975,148
96000,E_os2_all,0.45,1,-63.732,-66.6256,148
96000,F_adaa_direct,0.45,1,-74.7542,-40.722,148
96000,G_os4_direct,0.45,1,-66.687,-67.0112,148
96000,H_os2adaa_direct,0.45,1,-72.3917,-73.1142,148
96000,A_direct,0.6,0,-47.109,-125.863,0
96000,B_midpoint,0.6,0,-80.5192,-127.182,0
96000,C_os2_direct,0.6,0,-65.4549,-128.752,0
96000,D_os2_midpoint,0.6,0,-74.1295,-125.566,0
96000,E_os2_all,0.6,0,-79.822,-128.012,0
96000,F_adaa_direct,0.6,0,-64.1037,-127.082,0
96000,G_os4_direct,0.6,0,-70.9028,-128.756,0
96000,H_os2adaa_direct,0.6,0,-64.8288,-125.47,0
96000,A_direct,0.6,1,-54.1044,-29.9767,148
96000,B_midpoint,0.6,1,-76.9274,-44.2803,148
96000,C_os2_direct,0.6,1,-68.0273,-56.4465,148
96000,D_os2_midpoint,0.6,1,-72.6995,-60.6856,148
96000,E_os2_all,0.6,1,-63.1956,-63.9219,148
96000,F_adaa_direct,0.6,1,-67.4616,-33.0767,148
96000,G_os4_direct,0.6,1,-47.0767,-46.4648,148
96000,H_os2adaa_direct,0.6,1,-70.8276,-55.9106,148
96000,A_direct,0.7,0,-46.8503,-128.469,0
96000,B_midpoint,0.7,0,-80.0016,-128.176,0
96000,C_os2_direct,0.7,0,-65.2919,-126.891,0
96000,D_os2_midpoint,0.7,0,-73.9483,-127.479,0
96000,E_os2_all,0.7,0,-79.6008,-129.559,0
96000,F_adaa_direct,0.7,0,-63.7397,-127.776,0
96000,G_os4_direct,0.7,0,-70.4585,-128.348,0
96000,H_os2adaa_direct,0.7,0,-64.5956,-125.726,0
96000,A_direct,0.7,1,-53.8661,-29.831,148
96000,B_midpoint,0.7,1,-76.7851,-44.1571,148
96000,C_os2_direct,0.7,1,-67.8369,-56.4725,148
96000,D_os2_midpoint,0.7,1,-72.4484,-60.7255,148
96000,E_os2_all,0.7,1,-62.8937,-63.7289,148
96000,F_adaa_direct,0.7,1,-67.2246,-32.96,148
96000,G_os4_direct,0.7,1,-47.122,-46.5718,148
96000,H_os2adaa_direct,0.7,1,-70.6047,-56.1086,148
192000,A_direct,0,0,-87.4278,-105.044,0
192000,B_midpoint,0,0,-117.387,-112.56,0
192000,C_os2_direct,0,0,-103.508,-112.727,0
192000,D_os2_midpoint,0,0,-103.508,-112.727,0
192000,E_os2_all,0,0,-103.508,-112.727,0
192000,F_adaa_direct,0,0,-104.245,-112.39,0
192000,G_os4_direct,0,0,-106.381,-110.833,0
192000,H_os2adaa_direct,0,0,-104.696,-112.931,0
192000,A_direct,0,1,-300,-70.2298,0
192000,B_midpoint,0,1,-300,-74.8478,0
192000,C_os2_direct,0,1,-300,-78.2488,0
192000,D_os2_midpoint,0,1,-300,-78.2488,0
192000,E_os2_all,0,1,-300,-78.2488,0
192000,F_adaa_direct,0,1,-300,-72.444,0
192000,G_os4_direct,0,1,-300,-77.8449,0
192000,H_os2adaa_direct,0,1,-300,-78.5899,0
192000,A_direct,0.25,0,-75.3081,-109.548,0
192000,B_midpoint,0.25,0,-109.839,-109.739,0
192000,C_os2_direct,0.25,0,-106.992,-109.284,0
192000,D_os2_midpoint,0.25,0,-107.365,-109.092,0
192000,E_os2_all,0.25,0,-106.965,-109.209,0
192000,F_adaa_direct,0.25,0,-92.799,-109.709,0
192000,G_os4_direct,0.25,0,-112.031,-108.353,0
192000,H_os2adaa_direct,0.25,0,-108.587,-108.775,0
192000,A_direct,0.25,1,-300,-44.682,0
192000,B_midpoint,0.25,1,-300,-55.8024,0
192000,C_os2_direct,0.25,1,-300,-64.2158,0
192000,D_os2_midpoint,0.25,1,-300,-68.1254,0
192000,E_os2_all,0.25,1,-300,-74.9227,0
192000,F_adaa_direct,0.25,1,-300,-47.5411,0
192000,G_os4_direct,0.25,1,-300,-71.2019,0
192000,H_os2adaa_direct,0.25,1,-300,-65.4896,0
192000,A_direct,0.45,0,-65.4562,-107.453,0
192000,B_midpoint,0.45,0,-105.078,-107.874,0
192000,C_os2_direct,0.45,0,-104.889,-106.435,0
192000,D_os2_midpoint,0.45,0,-107.522,-106.217,0
192000,E_os2_all,0.45,0,-110.414,-105.237,0
192000,F_adaa_direct,0.45,0,-84.576,-107.382,0
192000,G_os4_direct,0.45,0,-110.183,-105.428,0
192000,H_os2adaa_direct,0.45,0,-107.943,-106.241,0
192000,A_direct,0.45,1,-300,-32.7654,0
192000,B_midpoint,0.45,1,-300,-39.089,0
192000,C_os2_direct,0.45,1,-300,-45.0804,0
192000,D_os2_midpoint,0.45,1,-300,-50.4163,0
192000,E_os2_all,0.45,1,-300,-67.7007,0
192000,F_adaa_direct,0.45,1,-300,-35.3866,0
192000,G_os4_direct,0.45,1,-300,-55.2741,0
192000,H_os2adaa_direct,0.45,1,-300,-46.7078,0
192000,A_direct,0.6,0,-62.7146,-106.172,0
192000,B_midpoint,0.6,0,-103.371,-106.407,0
192000,C_os2_direct,0.6,0,-103.182,-104.913,0
192000,D_os2_midpoint,0.6,0,-106.386,-104.724,0
192000,E_os2_all,0.6,0,-110.842,-103.446,0
192000,F_adaa_direct,0.6,0,-81.9928,-106.142,0
192000,G_os4_direct,0.6,0,-107.262,-103.889,0
192000,H_os2adaa_direct,0.6,0,-107.719,-104.768,0
192000,A_direct,0.6,1,-300,-30.5988,0
192000,B_midpoint,0.6,1,-300,-32.1313,0
192000,C_os2_direct,0.6,1,-300,-38.5348,0
192000,D_os2_midpoint,0.6,1,-300,-42.4847,0
192000,E_os2_all,0.6,1,-300,-47.455,0
192000,F_adaa_direct,0.6,1,-300,-30.2497,0
192000,G_os4_direct,0.6,1,-300,-44.3274,0
192000,H_os2adaa_direct,0.6,1,-300,-40.0987,0
192000,A_direct,0.7,0,-62.5019,-106.167,0
192000,B_midpoint,0.7,0,-103.047,-106.245,0
192000,C_os2_direct,0.7,0,-102.903,-104.946,0
192000,D_os2_midpoint,0.7,0,-106.088,-104.727,0
192000,E_os2_all,0.7,0,-110.598,-103.224,0
192000,F_adaa_direct,0.7,0,-81.7494,-105.998,0
192000,G_os4_direct,0.7,0,-107.064,-103.536,0
192000,H_os2adaa_direct,0.7,0,-107.442,-104.546,0
192000,A_direct,0.7,1,-300,-30.4072,0
192000,B_midpoint,0.7,1,-300,-32.0022,0
192000,C_os2_direct,0.7,1,-300,-38.3776,0
192000,D_os2_midpoint,0.7,1,-300,-42.352,0
192000,E_os2_all,0.7,1,-300,-47.4892,0
192000,F_adaa_direct,0.7,1,-300,-30.087,0
192000,G_os4_direct,0.7,1,-300,-44.2551,0
192000,H_os2adaa_direct,0.7,1,-300,-39.9455,0
