sample_rate,preset,mode,mean_ns,p95_ns,p99_ns,max_ns
44100,0,0,394.797,396.875,456.25,1087.5
44100,0,1,423.959,425,462.5,756.25
44100,0,2,646.609,653.125,690.625,793.75
44100,0,A_direct,618.942,625,662.5,1209.38
44100,0,B_midpoint,648.438,675,693.75,887.5
44100,0,C_os2_direct,671.832,678.125,718.75,978.125
44100,0,D_os2_midpoint,684.589,687.5,731.25,1296.88
44100,0,E_os2_all,700.22,706.25,746.875,1090.62
44100,0,F_adaa_direct,817.676,843.75,875,1206.25
44100,0,G_os4_direct,783.777,796.875,834.375,893.75
44100,0,H_os2adaa_direct,1042.97,1062.5,1093.75,1321.88
44100,6,0,394.986,403.125,425,731.25
44100,6,1,428.32,437.5,481.25,771.875
44100,6,2,655.594,665.625,703.125,946.875
44100,6,A_direct,625.119,637.5,675,946.875
44100,6,B_midpoint,661.426,671.875,706.25,793.75
44100,6,C_os2_direct,674.051,696.875,725,1303.12
44100,6,D_os2_midpoint,692.737,700,737.5,928.125
44100,6,E_os2_all,693.817,715.625,746.875,821.875
44100,6,F_adaa_direct,832.23,862.5,881.25,1537.5
44100,6,G_os4_direct,802.179,809.375,850,1112.5
44100,6,H_os2adaa_direct,1058.04,1084.38,1118.75,1200
44100,3,0,375.775,384.375,384.375,650
44100,3,1,412.515,415.625,456.25,706.25
44100,3,2,635.477,640.625,678.125,771.875
44100,3,A_direct,611.514,625,665.625,1187.5
44100,3,B_midpoint,644.232,684.375,725,893.75
44100,3,C_os2_direct,668.716,671.875,746.875,981.25
44100,3,D_os2_midpoint,687.75,718.75,1021.88,1684.38
44100,3,E_os2_all,695.303,721.875,740.625,1006.25
44100,3,F_adaa_direct,826.862,843.75,871.875,1171.88
44100,3,G_os4_direct,782.578,787.5,831.25,1309.38
44100,3,H_os2adaa_direct,1047.85,1062.5,1100,1546.88
44100,4,0,383.81,387.5,431.25,625
44100,4,1,416.272,421.875,462.5,650
44100,4,2,641.238,684.375,687.5,900
44100,4,A_direct,612.146,621.875,662.5,884.375
44100,4,B_midpoint,639.261,646.875,681.25,759.375
44100,4,C_os2_direct,667.465,671.875,712.5,812.5
44100,4,D_os2_midpoint,671.512,681.25,718.75,1456.25
44100,4,E_os2_all,678.531,696.875,737.5,743.75
44100,4,F_adaa_direct,766.769,781.25,815.625,1056.25
44100,4,G_os4_direct,779.968,793.75,831.25,1150
44100,4,H_os2adaa_direct,965.152,981.25,1018.75,1406.25
44100,5,0,386.423,387.5,431.25,587.5
44100,5,1,418.97,421.875,462.5,553.125
44100,5,2,630.313,678.125,684.375,934.375
44100,5,A_direct,609.1,618.75,659.375,937.5
44100,5,B_midpoint,636.304,640.625,681.25,728.125
44100,5,C_os2_direct,665.543,671.875,709.375,896.875
44100,5,D_os2_midpoint,676.416,678.125,718.75,3715.62
44100,5,E_os2_all,688.379,696.875,734.375,790.625
44100,5,F_adaa_direct,818.265,831.25,868.75,1175
44100,5,G_os4_direct,772.571,784.375,821.875,1446.88
44100,5,H_os2adaa_direct,1024.39,1075,1128.12,1256.25
48000,0,0,390.079,393.75,428.125,740.625
48000,0,1,422.369,425,462.5,793.75
48000,0,2,644.8,653.125,687.5,1031.25
48000,0,A_direct,613.254,628.125,659.375,846.875
48000,0,B_midpoint,630.771,650,665.625,915.625
48000,0,C_os2_direct,676.456,712.5,768.75,1609.38
48000,0,D_os2_midpoint,678.94,687.5,728.125,800
48000,0,E_os2_all,697.861,703.125,746.875,2328.12
48000,0,F_adaa_direct,814.6,840.625,868.75,1587.5
48000,0,G_os4_direct,788.834,821.875,868.75,950
48000,0,H_os2adaa_direct,1029.7,1056.25,1090.62,1259.38
48000,6,0,398.917,403.125,440.625,615.625
48000,6,1,433.118,437.5,478.125,609.375
48000,6,2,656.909,665.625,700,721.875
48000,6,A_direct,631.577,637.5,678.125,837.5
48000,6,B_midpoint,646.423,662.5,693.75,925
48000,6,C_os2_direct,684.906,690.625,731.25,1115.62
48000,6,D_os2_midpoint,680.472,700,731.25,928.125
48000,6,E_os2_all,711.829,721.875,756.25,1071.88
48000,6,F_adaa_direct,828.372,856.25,893.75,1243.75
48000,6,G_os4_direct,787.381,806.25,843.75,1090.62
48000,6,H_os2adaa_direct,1043.15,1071.88,1106.25,1346.88
48000,3,0,381.125,384.375,421.875,934.375
48000,3,1,410.547,415.625,456.25,881.25
48000,3,2,629.959,637.5,678.125,953.125
48000,3,A_direct,604.214,612.5,653.125,1156.25
48000,3,B_midpoint,630.817,637.5,678.125,1281.25
48000,3,C_os2_direct,707.416,921.875,1246.88,1565.62
48000,3,D_os2_midpoint,680.444,681.25,868.75,915.625
48000,3,E_os2_all,733.401,903.125,1278.12,2228.12
48000,3,F_adaa_direct,809.94,825,878.125,1193.75
48000,3,G_os4_direct,775.055,781.25,825,1225
48000,3,H_os2adaa_direct,1022.45,1046.88,1084.38,1309.38
48000,4,0,376.132,381.25,421.875,965.625
48000,4,1,407.739,412.5,431.25,615.625
48000,4,2,621.164,631.25,668.75,759.375
48000,4,A_direct,606.699,656.25,659.375,1043.75
48000,4,B_midpoint,616.431,628.125,665.625,706.25
48000,4,C_os2_direct,662.1,668.75,712.5,778.125
48000,4,D_os2_midpoint,662.14,671.875,712.5,909.375
48000,4,E_os2_all,689.197,693.75,740.625,1409.38
48000,4,F_adaa_direct,765.326,784.375,821.875,1303.12
48000,4,G_os4_direct,784.619,787.5,1184.38,1312.5
48000,4,H_os2adaa_direct,948.648,971.875,1006.25,1340.62
48000,5,0,380.463,381.25,421.875,540.625
48000,5,1,412.54,415.625,453.125,471.875
48000,5,2,628.137,634.375,671.875,890.625
48000,5,A_direct,601.816,606.25,643.75,912.5
48000,5,B_midpoint,636.438,662.5,678.125,800
48000,5,C_os2_direct,661.475,665.625,706.25,1025
48000,5,D_os2_midpoint,673.572,693.75,718.75,884.375
48000,5,E_os2_all,692.273,718.75,737.5,993.75
48000,5,F_adaa_direct,809.402,828.125,862.5,1412.5
48000,5,G_os4_direct,774.704,787.5,818.75,1462.5
48000,5,H_os2adaa_direct,1025.57,1046.88,1081.25,1278.12
96000,0,0,390.164,393.75,431.25,1100
96000,0,1,420.602,425,459.375,634.375
96000,0,2,641.599,650,687.5,1021.88
96000,0,A_direct,612.955,621.875,628.125,884.375
96000,0,B_midpoint,646.143,668.75,690.625,796.875
96000,0,C_os2_direct,669.962,675,718.75,1693.75
96000,0,D_os2_midpoint,678.036,690.625,725,800
96000,0,E_os2_all,688.324,706.25,712.5,834.375
96000,0,F_adaa_direct,824.106,840.625,871.875,1300
96000,0,G_os4_direct,767.401,784.375,800,1043.75
96000,0,H_os2adaa_direct,1018.75,1043.75,1075,1325
96000,6,0,400.146,400,578.125,759.375
96000,6,1,429.965,434.375,475,1506.25
96000,6,2,648.672,656.25,662.5,775
96000,6,A_direct,608.96,625,656.25,856.25
96000,6,B_midpoint,650.543,659.375,693.75,990.625
96000,6,C_os2_direct,674.24,684.375,725,984.375
96000,6,D_os2_midpoint,675.583,693.75,728.125,921.875
96000,6,E_os2_all,690.515,703.125,709.375,896.875
96000,6,F_adaa_direct,839.139,850,890.625,981.25
96000,6,G_os4_direct,799.496,806.25,843.75,975
96000,6,H_os2adaa_direct,1062.82,1075,1115.62,1596.88
96000,3,0,377.914,381.25,384.375,465.625
96000,3,1,411.429,418.75,453.125,796.875
96000,3,2,630.063,634.375,678.125,921.875
96000,3,A_direct,599.429,609.375,612.5,1206.25
96000,3,B_midpoint,631.058,637.5,684.375,850
96000,3,C_os2_direct,653.311,662.5,668.75,843.75
96000,3,D_os2_midpoint,671.915,696.875,715.625,1262.5
96000,3,E_os2_all,682.785,690.625,693.75,862.5
96000,3,F_adaa_direct,802.856,825,831.25,1225
96000,3,G_os4_direct,767.77,796.875,828.125,1296.88
96000,3,H_os2adaa_direct,1040.98,1053.12,1134.38,1925
96000,4,0,378.735,381.25,421.875,528.125
96000,4,1,407.8,412.5,415.625,906.25
96000,4,2,634.137,656.25,678.125,771.875
96000,4,A_direct,607.913,612.5,659.375,784.375
96000,4,B_midpoint,642.691,650,1031.25,1500
96000,4,C_os2_direct,663.73,671.875,725,1034.38
96000,4,D_os2_midpoint,674.094,678.125,725,1093.75
96000,4,E_os2_all,694.901,740.625,750,893.75
96000,4,F_adaa_direct,773.325,784.375,840.625,1250
96000,4,G_os4_direct,776.804,784.375,815.625,940.625
96000,4,H_os2adaa_direct,964.758,975,1009.38,1671.88
96000,5,0,381.247,387.5,387.5,1293.75
96000,5,1,410.44,421.875,425,559.375
96000,5,2,633.151,646.875,681.25,1646.88
96000,5,A_direct,609.293,625,653.125,753.125
96000,5,B_midpoint,767.062,1053.12,1087.5,1796.88
96000,5,C_os2_direct,656.641,675,706.25,1065.62
96000,5,D_os2_midpoint,673.615,684.375,718.75,1312.5
96000,5,E_os2_all,681.052,693.75,700,1100
96000,5,F_adaa_direct,823.938,828.125,959.375,1762.5
96000,5,G_os4_direct,773.236,787.5,803.125,893.75
96000,5,H_os2adaa_direct,1037.57,1078.12,1112.5,1193.75
192000,0,0,388.736,390.625,428.125,1000
192000,0,1,415.674,421.875,425,1309.38
192000,0,2,640.662,662.5,681.25,1481.25
192000,0,A_direct,609.882,615.625,662.5,1134.38
192000,0,B_midpoint,640.781,643.75,687.5,753.125
192000,0,C_os2_direct,665.939,668.75,678.125,987.5
192000,0,D_os2_midpoint,675.409,678.125,725,1200
192000,0,E_os2_all,694.077,706.25,750,1115.62
192000,0,F_adaa_direct,820.01,831.25,865.625,918.75
192000,0,G_os4_direct,778.607,784.375,787.5,875
192000,0,H_os2adaa_direct,1032.97,1050,1125,1681.25
192000,6,0,392.505,403.125,406.25,750
192000,6,1,424.155,431.25,490.625,859.375
192000,6,2,643.472,653.125,693.75,918.75
192000,6,A_direct,614.621,625,665.625,884.375
192000,6,B_midpoint,651.266,662.5,693.75,756.25
192000,6,C_os2_direct,672.781,687.5,721.875,1121.88
192000,6,D_os2_midpoint,677.484,690.625,690.625,909.375
192000,6,E_os2_all,683.899,703.125,715.625,978.125
192000,6,F_adaa_direct,820.386,834.375,868.75,1596.88
192000,6,G_os4_direct,793.085,818.75,840.625,893.75
192000,6,H_os2adaa_direct,1050.29,1056.25,1153.12,1709.38
192000,3,0,375.113,381.25,381.25,515.625
192000,3,1,408.585,412.5,415.625,568.75
192000,3,2,629.175,634.375,675,1162.5
192000,3,A_direct,595.23,615.625,646.875,693.75
192000,3,B_midpoint,621.677,650,678.125,1721.88
192000,3,C_os2_direct,651.978,656.25,700,1106.25
192000,3,D_os2_midpoint,670.853,690.625,1118.75,1396.88
192000,3,E_os2_all,668.085,684.375,721.875,968.75
192000,3,F_adaa_direct,801.859,812.5,856.25,1046.88
192000,3,G_os4_direct,778.522,803.125,831.25,1215.62
192000,3,H_os2adaa_direct,1026.86,1034.38,1075,1234.38
192000,4,0,379.465,384.375,387.5,493.75
192000,4,1,424.24,462.5,678.125,1296.88
192000,4,2,639.407,646.875,690.625,1378.12
192000,4,A_direct,604.26,625,646.875,781.25
192000,4,B_midpoint,633.292,637.5,678.125,1565.62
192000,4,C_os2_direct,668.118,668.75,828.125,1696.88
192000,4,D_os2_midpoint,675.034,681.25,721.875,790.625
192000,4,E_os2_all,683.212,703.125,737.5,934.375
192000,4,F_adaa_direct,748.465,765.625,803.125,984.375
192000,4,G_os4_direct,769.232,781.25,821.875,987.5
192000,4,H_os2adaa_direct,950.592,981.25,1012.5,1634.38
192000,5,0,381.387,384.375,425,615.625
192000,5,1,409.375,418.75,437.5,612.5
192000,5,2,633.093,637.5,681.25,775
192000,5,A_direct,601.184,609.375,650,1253.12
192000,5,B_midpoint,626.904,640.625,678.125,915.625
192000,5,C_os2_direct,663.541,668.75,709.375,871.875
192000,5,D_os2_midpoint,663.223,675,712.5,1034.38
192000,5,E_os2_all,685.571,690.625,734.375,943.75
192000,5,F_adaa_direct,812.82,828.125,893.75,1212.5
192000,5,G_os4_direct,764.505,778.125,818.75,984.375
192000,5,H_os2adaa_direct,1030.08,1037.5,1078.12,1471.88
