sample_rate,combination,rate,depth,bias,duration_seconds,peak,rms,late_rms
44100,A_direct,.18,1,-0.25,11.1111,0.672753,0.201606,0.193559
44100,A_direct,.18,1,0.25,11.1111,0.666996,0.201247,0.192935
44100,B_midpoint,.18,1,-0.25,11.1111,0.674151,0.187523,0.176846
44100,B_midpoint,.18,1,0.25,11.1111,0.675672,0.186888,0.176145
44100,C_os2_direct,.18,1,-0.25,11.1111,0.718643,0.203707,0.194607
44100,C_os2_direct,.18,1,0.25,11.1111,0.704232,0.203086,0.193722
44100,D_os2_midpoint,.18,1,-0.25,11.1111,0.714062,0.197738,0.184372
44100,D_os2_midpoint,.18,1,0.25,11.1111,0.691843,0.197753,0.184719
44100,E_os2_all,.18,1,-0.25,11.1111,0.697145,0.200939,0.192573
44100,E_os2_all,.18,1,0.25,11.1111,0.673702,0.200692,0.192493
44100,F_adaa_direct,.18,1,-0.25,11.1111,0.672803,0.193383,0.183773
44100,F_adaa_direct,.18,1,0.25,11.1111,0.65361,0.192661,0.182984
44100,G_os4_direct,.18,1,-0.25,11.1111,0.673897,0.192204,0.185203
44100,G_os4_direct,.18,1,0.25,11.1111,0.674491,0.19204,0.185398
44100,H_os2adaa_direct,.18,1,-0.25,11.1111,0.702442,0.201471,0.190373
44100,H_os2adaa_direct,.18,1,0.25,11.1111,0.697844,0.201118,0.189923
48000,A_direct,.18,1,-0.25,11.1111,0.663218,0.199767,0.191996
48000,A_direct,.18,1,0.25,11.1111,0.66213,0.199503,0.191765
48000,B_midpoint,.18,1,-0.25,11.1111,0.671569,0.188911,0.178073
48000,B_midpoint,.18,1,0.25,11.1111,0.675952,0.188398,0.17725
48000,C_os2_direct,.18,1,-0.25,11.1111,0.720873,0.203354,0.190918
48000,C_os2_direct,.18,1,0.25,11.1111,0.703208,0.202625,0.189841
48000,D_os2_midpoint,.18,1,-0.25,11.1111,0.711133,0.197914,0.185437
48000,D_os2_midpoint,.18,1,0.25,11.1111,0.682702,0.198064,0.185095
48000,E_os2_all,.18,1,-0.25,11.1111,0.681342,0.200499,0.191786
48000,E_os2_all,.18,1,0.25,11.1111,0.674057,0.199844,0.190683
48000,F_adaa_direct,.18,1,-0.25,11.1111,0.675629,0.193685,0.183883
48000,F_adaa_direct,.18,1,0.25,11.1111,0.667369,0.193204,0.183438
48000,G_os4_direct,.18,1,-0.25,11.1111,0.674849,0.192331,0.181992
48000,G_os4_direct,.18,1,0.25,11.1111,0.679164,0.19209,0.181924
48000,H_os2adaa_direct,.18,1,-0.25,11.1111,0.706842,0.202405,0.192555
48000,H_os2adaa_direct,.18,1,0.25,11.1111,0.713172,0.201816,0.192061
96000,A_direct,.18,1,-0.25,11.1111,0.663722,0.196882,0.188759
96000,A_direct,.18,1,0.25,11.1111,0.665798,0.196463,0.187082
96000,B_midpoint,.18,1,-0.25,11.1111,0.666106,0.192689,0.182894
96000,B_midpoint,.18,1,0.25,11.1111,0.661935,0.192395,0.183104
96000,C_os2_direct,.18,1,-0.25,11.1111,0.678451,0.194965,0.185116
96000,C_os2_direct,.18,1,0.25,11.1111,0.671596,0.194519,0.184632
96000,D_os2_midpoint,.18,1,-0.25,11.1111,0.671505,0.194719,0.1834
96000,D_os2_midpoint,.18,1,0.25,11.1111,0.668866,0.194855,0.183049
96000,E_os2_all,.18,1,-0.25,11.1111,0.67481,0.192312,0.18242
96000,E_os2_all,.18,1,0.25,11.1111,0.676797,0.191674,0.181554
96000,F_adaa_direct,.18,1,-0.25,11.1111,0.659432,0.193967,0.184864
96000,F_adaa_direct,.18,1,0.25,11.1111,0.663302,0.193698,0.184636
96000,G_os4_direct,.18,1,-0.25,11.1111,0.689469,0.197134,0.185906
96000,G_os4_direct,.18,1,0.25,11.1111,0.690445,0.196686,0.185461
96000,H_os2adaa_direct,.18,1,-0.25,11.1111,0.686699,0.196753,0.187986
96000,H_os2adaa_direct,.18,1,0.25,11.1111,0.672977,0.196327,0.187616
192000,A_direct,.18,1,-0.25,11.1111,0.665545,0.204466,0.198078
192000,A_direct,.18,1,0.25,11.1111,0.667959,0.204878,0.198528
192000,B_midpoint,.18,1,-0.25,11.1111,0.660587,0.191694,0.182811
192000,B_midpoint,.18,1,0.25,11.1111,0.663069,0.191192,0.1822
192000,C_os2_direct,.18,1,-0.25,11.1111,0.663679,0.194458,0.185857
192000,C_os2_direct,.18,1,0.25,11.1111,0.661101,0.194249,0.185636
192000,D_os2_midpoint,.18,1,-0.25,11.1111,0.657966,0.196103,0.187009
192000,D_os2_midpoint,.18,1,0.25,11.1111,0.660678,0.195584,0.186708
192000,E_os2_all,.18,1,-0.25,11.1111,0.680483,0.192204,0.183247
192000,E_os2_all,.18,1,0.25,11.1111,0.657959,0.191688,0.182445
192000,F_adaa_direct,.18,1,-0.25,11.1111,0.666258,0.195586,0.186561
192000,F_adaa_direct,.18,1,0.25,11.1111,0.669624,0.195665,0.186194
192000,G_os4_direct,.18,1,-0.25,11.1111,0.65839,0.193157,0.182082
192000,G_os4_direct,.18,1,0.25,11.1111,0.656678,0.192249,0.182095
192000,H_os2adaa_direct,.18,1,-0.25,11.1111,0.659096,0.195447,0.187375
192000,H_os2adaa_direct,.18,1,0.25,11.1111,0.659876,0.19495,0.186447
