test,algorithm,metric,value
step,direct,maximum_sample_delta,0.12905
step,midpoint,maximum_sample_delta,0.05917
step,adaa1,maximum_sample_delta,0.0652863
step,fir2,maximum_sample_delta,0.116527
step,fir4,maximum_sample_delta,0.116527
step,allpass2,maximum_sample_delta,0.0825008
step,allpass4,maximum_sample_delta,0.0750083
step,allpass2_adaa,maximum_sample_delta,0.0816105
step,elliptic2,maximum_sample_delta,0.0777103
step,direct,maximum_sample_delta,0.133662
step,midpoint,maximum_sample_delta,0.0615913
step,adaa1,maximum_sample_delta,0.0668309
step,fir2,maximum_sample_delta,0.120678
step,fir4,maximum_sample_delta,0.120678
step,allpass2,maximum_sample_delta,0.0865254
step,allpass4,maximum_sample_delta,0.0777259
step,allpass2_adaa,maximum_sample_delta,0.08513
step,elliptic2,maximum_sample_delta,0.0814672
step,direct,maximum_sample_delta,0.12905
step,midpoint,maximum_sample_delta,0.0597626
step,adaa1,maximum_sample_delta,0.0652863
step,fir2,maximum_sample_delta,0.116527
step,fir4,maximum_sample_delta,0.116527
step,allpass2,maximum_sample_delta,0.0845955
step,allpass4,maximum_sample_delta,0.0750864
step,allpass2_adaa,maximum_sample_delta,0.0827826
step,elliptic2,maximum_sample_delta,0.079616
step,direct,maximum_sample_delta,0.220663
step,midpoint,maximum_sample_delta,0.0999495
step,adaa1,maximum_sample_delta,0.114771
step,fir2,maximum_sample_delta,0.198905
step,fir4,maximum_sample_delta,0.198905
step,allpass2,maximum_sample_delta,0.136608
step,allpass4,maximum_sample_delta,0.128047
step,allpass2_adaa,maximum_sample_delta,0.13708
step,elliptic2,maximum_sample_delta,0.128831
step,direct,maximum_sample_delta,0.248741
step,midpoint,maximum_sample_delta,0.11462
step,adaa1,maximum_sample_delta,0.12437
step,fir2,maximum_sample_delta,0.223932
step,fir4,maximum_sample_delta,0.223932
step,allpass2,maximum_sample_delta,0.160618
step,allpass4,maximum_sample_delta,0.144487
step,allpass2_adaa,maximum_sample_delta,0.15824
step,elliptic2,maximum_sample_delta,0.151271
step,direct,maximum_sample_delta,0.220663
step,midpoint,maximum_sample_delta,0.103413
step,adaa1,maximum_sample_delta,0.114771
step,fir2,maximum_sample_delta,0.198905
step,fir4,maximum_sample_delta,0.198905
step,allpass2,maximum_sample_delta,0.148675
step,allpass4,maximum_sample_delta,0.128428
step,allpass2_adaa,maximum_sample_delta,0.143816
step,elliptic2,maximum_sample_delta,0.139817
step,direct,maximum_sample_delta,0.316454
step,midpoint,maximum_sample_delta,0.135855
step,adaa1,maximum_sample_delta,0.183659
step,fir2,maximum_sample_delta,0.286489
step,fir4,maximum_sample_delta,0.28648
step,allpass2,maximum_sample_delta,0.171472
step,allpass4,maximum_sample_delta,0.183483
step,allpass2_adaa,maximum_sample_delta,0.182943
step,elliptic2,maximum_sample_delta,0.162415
step,direct,maximum_sample_delta,0.511753
step,midpoint,maximum_sample_delta,0.235816
step,adaa1,maximum_sample_delta,0.255876
step,fir2,maximum_sample_delta,0.454617
step,fir4,maximum_sample_delta,0.454634
step,allpass2,maximum_sample_delta,0.326948
step,allpass4,maximum_sample_delta,0.295901
step,allpass2_adaa,maximum_sample_delta,0.324024
step,elliptic2,maximum_sample_delta,0.308288
step,direct,maximum_sample_delta,0.316454
step,midpoint,maximum_sample_delta,0.155789
step,adaa1,maximum_sample_delta,0.183659
step,fir2,maximum_sample_delta,0.286489
step,fir4,maximum_sample_delta,0.28648
step,allpass2,maximum_sample_delta,0.238836
step,allpass4,maximum_sample_delta,0.193328
step,allpass2_adaa,maximum_sample_delta,0.22035
step,elliptic2,maximum_sample_delta,0.223845
step,direct,maximum_sample_delta,0.298015
step,midpoint,maximum_sample_delta,0.137325
step,adaa1,maximum_sample_delta,0.149007
step,fir2,maximum_sample_delta,0.268689
step,fir4,maximum_sample_delta,0.268689
step,allpass2,maximum_sample_delta,0.192682
step,allpass4,maximum_sample_delta,0.173206
step,allpass2_adaa,maximum_sample_delta,0.189699
step,elliptic2,maximum_sample_delta,0.181443
step,direct,maximum_sample_delta,0.298015
step,midpoint,maximum_sample_delta,0.137325
step,adaa1,maximum_sample_delta,0.149007
step,fir2,maximum_sample_delta,0.268689
step,fir4,maximum_sample_delta,0.268689
step,allpass2,maximum_sample_delta,0.192682
step,allpass4,maximum_sample_delta,0.173206
step,allpass2_adaa,maximum_sample_delta,0.189699
step,elliptic2,maximum_sample_delta,0.181443
step,direct,maximum_sample_delta,0.298015
step,midpoint,maximum_sample_delta,0.137325
step,adaa1,maximum_sample_delta,0.149007
step,fir2,maximum_sample_delta,0.268689
step,fir4,maximum_sample_delta,0.268689
step,allpass2,maximum_sample_delta,0.192682
step,allpass4,maximum_sample_delta,0.173206
step,allpass2_adaa,maximum_sample_delta,0.189699
step,elliptic2,maximum_sample_delta,0.181443
step,direct,maximum_sample_delta,0.298015
step,midpoint,maximum_sample_delta,0.137325
step,adaa1,maximum_sample_delta,0.149007
step,fir2,maximum_sample_delta,0.268689
step,fir4,maximum_sample_delta,0.268689
step,allpass2,maximum_sample_delta,0.192682
step,allpass4,maximum_sample_delta,0.173206
step,allpass2_adaa,maximum_sample_delta,0.189699
step,elliptic2,maximum_sample_delta,0.181443
step,direct,maximum_sample_delta,0.298015
step,midpoint,maximum_sample_delta,0.137325
step,adaa1,maximum_sample_delta,0.149007
step,fir2,maximum_sample_delta,0.268689
step,fir4,maximum_sample_delta,0.268689
step,allpass2,maximum_sample_delta,0.192682
step,allpass4,maximum_sample_delta,0.173206
step,allpass2_adaa,maximum_sample_delta,0.189699
step,elliptic2,maximum_sample_delta,0.181443
step,direct,maximum_sample_delta,0.298015
step,midpoint,maximum_sample_delta,0.137325
step,adaa1,maximum_sample_delta,0.149007
step,fir2,maximum_sample_delta,0.268689
step,fir4,maximum_sample_delta,0.268689
step,allpass2,maximum_sample_delta,0.192682
step,allpass4,maximum_sample_delta,0.173206
step,allpass2_adaa,maximum_sample_delta,0.189699
step,elliptic2,maximum_sample_delta,0.181443
step,direct,maximum_sample_delta,0.298015
step,midpoint,maximum_sample_delta,0.137325
step,adaa1,maximum_sample_delta,0.149007
step,fir2,maximum_sample_delta,0.268689
step,fir4,maximum_sample_delta,0.268689
step,allpass2,maximum_sample_delta,0.192682
step,allpass4,maximum_sample_delta,0.173206
step,allpass2_adaa,maximum_sample_delta,0.189699
step,elliptic2,maximum_sample_delta,0.181443
step,direct,maximum_sample_delta,0.298015
step,midpoint,maximum_sample_delta,0.137325
step,adaa1,maximum_sample_delta,0.149007
step,fir2,maximum_sample_delta,0.268689
step,fir4,maximum_sample_delta,0.268689
step,allpass2,maximum_sample_delta,0.192682
step,allpass4,maximum_sample_delta,0.173206
step,allpass2_adaa,maximum_sample_delta,0.189699
step,elliptic2,maximum_sample_delta,0.181443
step,direct,maximum_sample_delta,0.298015
step,midpoint,maximum_sample_delta,0.137325
step,adaa1,maximum_sample_delta,0.149007
step,fir2,maximum_sample_delta,0.268689
step,fir4,maximum_sample_delta,0.268689
step,allpass2,maximum_sample_delta,0.192682
step,allpass4,maximum_sample_delta,0.173206
step,allpass2_adaa,maximum_sample_delta,0.189699
step,elliptic2,maximum_sample_delta,0.181443
dc,adaa1,before,0.240926
dc,adaa1,after,-2.15817e-07
dc,adaa1,before,0.183121
dc,adaa1,after,4.11299e-07
dc,adaa1,before,0.10787
dc,adaa1,after,2.23467e-07
automation,0,block_error,0
automation,0,max_delta,0.0473164
automation,0,block_error,0
automation,0,max_delta,0.187662
automation,1,block_error,0
automation,1,max_delta,0.0479957
automation,1,block_error,0
automation,1,max_delta,0.209371
automation,2,block_error,0
automation,2,max_delta,0.0425425
automation,2,block_error,0
automation,2,max_delta,0.120157
candidate_automation,direct,max_delta,1.16988
candidate_automation,direct,max_delta,1.14211
candidate_automation,midpoint,max_delta,0.699949
candidate_automation,midpoint,max_delta,0.69723
candidate_automation,adaa1,max_delta,1.08131
candidate_automation,adaa1,max_delta,0.926021
candidate_automation,fir2,max_delta,1.16431
candidate_automation,fir2,max_delta,1.01602
candidate_automation,fir4,max_delta,1.16848
candidate_automation,fir4,max_delta,1.01599
candidate_automation,allpass2,max_delta,1.25255
candidate_automation,allpass2,max_delta,1.09034
candidate_automation,allpass4,max_delta,1.25538
candidate_automation,allpass4,max_delta,1.11221
candidate_automation,allpass2_adaa,max_delta,1.25266
candidate_automation,allpass2_adaa,max_delta,1.04953
candidate_automation,elliptic2,max_delta,1.20875
candidate_automation,elliptic2,max_delta,1.11044
