path,before,after
calibration.csv,b8512b213627814bf66922b16f99bf67cc0483d956efe97a57e365a09842ee5a,b8512b213627814bf66922b16f99bf67cc0483d956efe97a57e365a09842ee5a
legacy_0.200000_0.150000.csv,a314bea48b0721a9e58d4ccd0c0cc3bee5fd0381f8367c72cb764f4d9ddadbb0,a314bea48b0721a9e58d4ccd0c0cc3bee5fd0381f8367c72cb764f4d9ddadbb0
legacy_0.200000_0.150000_averaged.csv,e231f55fef24595a24d223bd74f6b46553e8ba7bf7438a332c73a748469a398c,e231f55fef24595a24d223bd74f6b46553e8ba7bf7438a332c73a748469a398c
legacy_0.200000_0.350000.csv,0b72b0169ce32155eb47c856e282ee8abfe9723fd06d3a374b7262e51595130a,0b72b0169ce32155eb47c856e282ee8abfe9723fd06d3a374b7262e51595130a
legacy_0.200000_0.350000_averaged.csv,f28805a46d3984e617798f5c8e62fed7064d601bbc842d52a6503b20df3621df,f28805a46d3984e617798f5c8e62fed7064d601bbc842d52a6503b20df3621df
legacy_0.200000_0.600000.csv,1ff495be406b07ee52804a540ff69f951143f0c3aef066bfbbb6c72ffa95becb,1ff495be406b07ee52804a540ff69f951143f0c3aef066bfbbb6c72ffa95becb
legacy_0.200000_0.600000_averaged.csv,88782232631db158d69844052120f64474060e2576bc73cfe57972e0f3dd0fb2,88782232631db158d69844052120f64474060e2576bc73cfe57972e0f3dd0fb2
legacy_0.200000_0.850000.csv,370cccf925ccb14bd88a97799729c8af7502c7d6535b30459fc40ac25e679c8d,370cccf925ccb14bd88a97799729c8af7502c7d6535b30459fc40ac25e679c8d
legacy_0.200000_0.850000_averaged.csv,6f53a90700e8e975dbd6b43da3290f48e299c5dd1a551510a90bcb4c3007eccb,6f53a90700e8e975dbd6b43da3290f48e299c5dd1a551510a90bcb4c3007eccb
legacy_0.200000_1.000000.csv,441e48d3184c33cc583d43ef1d77a09c71d09f8971acd6bf30bf56328cab4f3b,441e48d3184c33cc583d43ef1d77a09c71d09f8971acd6bf30bf56328cab4f3b
legacy_0.200000_1.000000_averaged.csv,468f7f0287fc72e92caf2cb639bd2dbb6b49917ef575bee11fe0dc8d0e4e9b64,468f7f0287fc72e92caf2cb639bd2dbb6b49917ef575bee11fe0dc8d0e4e9b64
legacy_0.500000_0.150000.csv,99187d6a5e85ff7eb2cead1c82e061503877efb4abda216e5c35391ec2a5656b,99187d6a5e85ff7eb2cead1c82e061503877efb4abda216e5c35391ec2a5656b
legacy_0.500000_0.150000_averaged.csv,ff4721c241d63e8512ba6be43ed7ebbe9a161a04b9b1b064307cf8e33a3fe96f,ff4721c241d63e8512ba6be43ed7ebbe9a161a04b9b1b064307cf8e33a3fe96f
legacy_0.500000_0.350000.csv,071ec10409c533a099a8dda25e1fba58d73cc458d34a4a5ce7f97bc209a1b8ca,071ec10409c533a099a8dda25e1fba58d73cc458d34a4a5ce7f97bc209a1b8ca
legacy_0.500000_0.350000_averaged.csv,29aa3c871556c618013a7dbfdcec31ff94316d4c1a84e487110c34231c583b2e,29aa3c871556c618013a7dbfdcec31ff94316d4c1a84e487110c34231c583b2e
legacy_0.500000_0.600000.csv,b8daa04ecb1e85185cdd8368b940d5bd3aca600e49ef304135ff2dda2344e9d2,b8daa04ecb1e85185cdd8368b940d5bd3aca600e49ef304135ff2dda2344e9d2
legacy_0.500000_0.600000_averaged.csv,296e9374a1016d2de960e464e795a9df0b4658fd01c4618d3363972d7334ad54,296e9374a1016d2de960e464e795a9df0b4658fd01c4618d3363972d7334ad54
legacy_0.500000_0.850000.csv,1db19ba79d70e665c3987b1a77b997da6a615da0ad30201a1e2f4ee5a99c8f33,1db19ba79d70e665c3987b1a77b997da6a615da0ad30201a1e2f4ee5a99c8f33
legacy_0.500000_0.850000_averaged.csv,cca3154d4a96a168102a09cc660a1b87cd9c63a482ba62cbe7101f066c736d9a,cca3154d4a96a168102a09cc660a1b87cd9c63a482ba62cbe7101f066c736d9a
legacy_0.500000_1.000000.csv,70a9e3c52c920fc4bf464e001f19c2dc488eadff1bb8c42e089d38a1473eb6f6,70a9e3c52c920fc4bf464e001f19c2dc488eadff1bb8c42e089d38a1473eb6f6
legacy_0.500000_1.000000_averaged.csv,db36783f848fdcb6a50e769343337113308c808760fe48a22de24a3554031e81,db36783f848fdcb6a50e769343337113308c808760fe48a22de24a3554031e81
legacy_1.000000_0.150000.csv,cd328d3c8ad4b82642c044889b1236ca42c2928d00c12ab26cc425bd9d1056e4,cd328d3c8ad4b82642c044889b1236ca42c2928d00c12ab26cc425bd9d1056e4
legacy_1.000000_0.150000_averaged.csv,cd9c4c8b210c8d2ff0e4bc5248af5a706c52bd1b340474cb0c5d7b323f1dabd0,cd9c4c8b210c8d2ff0e4bc5248af5a706c52bd1b340474cb0c5d7b323f1dabd0
legacy_1.000000_0.350000.csv,1ede7534294af1a0aa795051811d538198e2f3383256e086a7d3f1abec761619,1ede7534294af1a0aa795051811d538198e2f3383256e086a7d3f1abec761619
legacy_1.000000_0.350000_averaged.csv,55b6a2d0284e61a7f39ea43b1ad9fbf6c804fa4e460deb815ab1c4e33a5db86b,55b6a2d0284e61a7f39ea43b1ad9fbf6c804fa4e460deb815ab1c4e33a5db86b
legacy_1.000000_0.600000.csv,761edcbc002d657b61ac26a1c7564539d583a5e8a48e3b1b3366b8d81e1d4190,761edcbc002d657b61ac26a1c7564539d583a5e8a48e3b1b3366b8d81e1d4190
legacy_1.000000_0.600000_averaged.csv,50905f6d9b5b6f65650f6fe8524503621e66c49506bd3ed1600ec5e0857ac5e7,50905f6d9b5b6f65650f6fe8524503621e66c49506bd3ed1600ec5e0857ac5e7
legacy_1.000000_0.850000.csv,7b5a1262d8c19596b1d7a07d72c7a0ca561033134d2c9103a4a75caa37e72a53,7b5a1262d8c19596b1d7a07d72c7a0ca561033134d2c9103a4a75caa37e72a53
legacy_1.000000_0.850000_averaged.csv,d85a65eae14c1e1959ec25ae209d98a5965d07e434931e7573682d4ca85a1ff4,d85a65eae14c1e1959ec25ae209d98a5965d07e434931e7573682d4ca85a1ff4
legacy_1.000000_1.000000.csv,2bf9b05890be25fcd837f1d6f009be98a4c66a15b84bd32bdc19d14a049fa803,2bf9b05890be25fcd837f1d6f009be98a4c66a15b84bd32bdc19d14a049fa803
legacy_1.000000_1.000000_averaged.csv,9d5a557bcd685010a01551b578a62e159002daf3ed21c9c3567761847a07bd6d,9d5a557bcd685010a01551b578a62e159002daf3ed21c9c3567761847a07bd6d
legacy_2.000000_0.150000.csv,b1c39d7919362f39a763286ab3d2066cc27fa070d428b3fcdacced44c0926758,b1c39d7919362f39a763286ab3d2066cc27fa070d428b3fcdacced44c0926758
legacy_2.000000_0.150000_averaged.csv,ad7d80774c63406461f79f5b6ba9213e4c9d3619772197096753e19418fa55fc,ad7d80774c63406461f79f5b6ba9213e4c9d3619772197096753e19418fa55fc
legacy_2.000000_0.350000.csv,0d43e7bde0476e31248e060c974dc5d85a4a9cc9da7e58200417222474152d87,0d43e7bde0476e31248e060c974dc5d85a4a9cc9da7e58200417222474152d87
legacy_2.000000_0.350000_averaged.csv,6d739bddca863f85fa5d6e306d2704683834a94d3b72a65a68d29eda83058483,6d739bddca863f85fa5d6e306d2704683834a94d3b72a65a68d29eda83058483
legacy_2.000000_0.600000.csv,de80c0ea539199698c2183ba8b1cb84fbe238f16536e85d8200d22550b45fb7f,de80c0ea539199698c2183ba8b1cb84fbe238f16536e85d8200d22550b45fb7f
legacy_2.000000_0.600000_averaged.csv,aee3c549e3e14c7b22ec6e520c8fa60530d90da0ebf408cc2c19ce33def875df,aee3c549e3e14c7b22ec6e520c8fa60530d90da0ebf408cc2c19ce33def875df
legacy_2.000000_0.850000.csv,97441e1f8d5ca2f6ba8feb2605d5c966adb12a5c45bc955db74a8a4bd672baba,97441e1f8d5ca2f6ba8feb2605d5c966adb12a5c45bc955db74a8a4bd672baba
legacy_2.000000_0.850000_averaged.csv,d02536e1234f5dfba81f39fb461b935c5c977a172efee1426fb87d90c5648714,d02536e1234f5dfba81f39fb461b935c5c977a172efee1426fb87d90c5648714
legacy_2.000000_1.000000.csv,eb44a96dbe2fe5de65831ab6614b65cc5f95338ece708362ca5227700004aaa7,eb44a96dbe2fe5de65831ab6614b65cc5f95338ece708362ca5227700004aaa7
legacy_2.000000_1.000000_averaged.csv,136ad8189bb6fb01d1c2464af55a7f88a8d83fc1d301ea0baaed615435d4200e,136ad8189bb6fb01d1c2464af55a7f88a8d83fc1d301ea0baaed615435d4200e
legacy_4.000000_0.150000.csv,766e489d19a94b5d37a2f6980fde68a3a9397a0fa7dc6f52f240502c11dfcf29,766e489d19a94b5d37a2f6980fde68a3a9397a0fa7dc6f52f240502c11dfcf29
legacy_4.000000_0.150000_averaged.csv,a4f2aaf3b6d173f378f28bfc40dc1d83b10675778d9a47d019d990319d9c1c67,a4f2aaf3b6d173f378f28bfc40dc1d83b10675778d9a47d019d990319d9c1c67
legacy_4.000000_0.350000.csv,2103fc9428300ae1332686c70eaf75f212e132f9eb99de75bd6e76a0906b8d23,2103fc9428300ae1332686c70eaf75f212e132f9eb99de75bd6e76a0906b8d23
legacy_4.000000_0.350000_averaged.csv,647aee781d7584b172dc267b1004395fecd643882a6d637ae3bcb1ebf7f1b953,647aee781d7584b172dc267b1004395fecd643882a6d637ae3bcb1ebf7f1b953
legacy_4.000000_0.600000.csv,34f2688efb46572ca28307a0456973caee022dc215638222b515115d3957901d,34f2688efb46572ca28307a0456973caee022dc215638222b515115d3957901d
legacy_4.000000_0.600000_averaged.csv,f58b0a239452b5be2e2abb017688b641756aae27c0cf523b4cdb40a8113e644e,f58b0a239452b5be2e2abb017688b641756aae27c0cf523b4cdb40a8113e644e
legacy_4.000000_0.850000.csv,55615ab27b2d83a569d68a847018d2f63aaae298fda3f9fe9a26a56f8d8a2904,55615ab27b2d83a569d68a847018d2f63aaae298fda3f9fe9a26a56f8d8a2904
legacy_4.000000_0.850000_averaged.csv,67d00db38d369b936ccf194d11ba44aa6b8a838fb131f0da1def462d47dd4999,67d00db38d369b936ccf194d11ba44aa6b8a838fb131f0da1def462d47dd4999
legacy_4.000000_1.000000.csv,7c35844ac53c5af4ed198c5ae309f122491e65e310519cf11c5c157dc387162e,7c35844ac53c5af4ed198c5ae309f122491e65e310519cf11c5c157dc387162e
legacy_4.000000_1.000000_averaged.csv,41d52ec2cb0dceb5a9d1cabc63a892ef97e9d329e9bc39c68dc31fb0184f5cf6,41d52ec2cb0dceb5a9d1cabc63a892ef97e9d329e9bc39c68dc31fb0184f5cf6
legacy_7.000000_0.150000.csv,a60cc3293f8f9ab3606e5a0dc3802afa0b03a5a461fdf657451152fbbfef7fce,a60cc3293f8f9ab3606e5a0dc3802afa0b03a5a461fdf657451152fbbfef7fce
legacy_7.000000_0.150000_averaged.csv,f12ac769d4f5e9ac515d3b52486ca5431489eb12d004c27e3ff0bea14d0339fd,f12ac769d4f5e9ac515d3b52486ca5431489eb12d004c27e3ff0bea14d0339fd
legacy_7.000000_0.350000.csv,28766ff290c3471f21b0ef1dfce35ba8d69818b32f697caf3b0601232988bad7,28766ff290c3471f21b0ef1dfce35ba8d69818b32f697caf3b0601232988bad7
legacy_7.000000_0.350000_averaged.csv,7507b5fb613ff66d3ed11e2083795d6b67140f6eb3dcf119c730084c3dcb5aa0,7507b5fb613ff66d3ed11e2083795d6b67140f6eb3dcf119c730084c3dcb5aa0
legacy_7.000000_0.600000.csv,bbafae7ce94b3dff7de2e967a7eb04b5296f92d83468264914fa752408da69c7,bbafae7ce94b3dff7de2e967a7eb04b5296f92d83468264914fa752408da69c7
legacy_7.000000_0.600000_averaged.csv,68b62b915ecd2839fd1edd3b76855ade98602cf2a3ff158198afd6f17b0bcdc9,68b62b915ecd2839fd1edd3b76855ade98602cf2a3ff158198afd6f17b0bcdc9
legacy_7.000000_0.850000.csv,053028c45c187904024c514477bf907d2a8ae771593c37b4dcf9034755e7b94e,053028c45c187904024c514477bf907d2a8ae771593c37b4dcf9034755e7b94e
legacy_7.000000_0.850000_averaged.csv,eb2e3d33fca284804f4ffa2fd5b73c8b6b9e03ddbd57a9c4349fda4845148ee3,eb2e3d33fca284804f4ffa2fd5b73c8b6b9e03ddbd57a9c4349fda4845148ee3
legacy_7.000000_1.000000.csv,3cfe8fb4f40a91e7c0c7484b534ea0847c115212dd9662b9bb1f220af93e55bd,3cfe8fb4f40a91e7c0c7484b534ea0847c115212dd9662b9bb1f220af93e55bd
legacy_7.000000_1.000000_averaged.csv,b9311143e5e4410b9cf9c1d53650a446d735a3aa6a079e443d52598c44177285,b9311143e5e4410b9cf9c1d53650a446d735a3aa6a079e443d52598c44177285
reference_0.200000_0.150000.csv,cd99d91736182f5b4ee3746f26736d8657ddd3bc474d1610ea281706d78286a0,cd99d91736182f5b4ee3746f26736d8657ddd3bc474d1610ea281706d78286a0
reference_0.200000_0.150000_averaged.csv,d5b7a154b2fdbc5e806eb0b9a5b196b140d7d2e698a46b598005019f13e93616,d5b7a154b2fdbc5e806eb0b9a5b196b140d7d2e698a46b598005019f13e93616
reference_0.200000_0.350000.csv,1fc7be3bf784e3f92b9c904468f17a899335497d5af82af4a4202ade26edbb7f,1fc7be3bf784e3f92b9c904468f17a899335497d5af82af4a4202ade26edbb7f
reference_0.200000_0.350000_averaged.csv,01309b6d7f905c351c629b1aadda1cd8b485b2e423338c78d4977e7487ebdee9,01309b6d7f905c351c629b1aadda1cd8b485b2e423338c78d4977e7487ebdee9
reference_0.200000_0.600000.csv,9984ca6ef11ada43d44525cf4bb9d4369396864c27e3fa5e422bee4999552f7a,9984ca6ef11ada43d44525cf4bb9d4369396864c27e3fa5e422bee4999552f7a
reference_0.200000_0.600000_averaged.csv,302978fe328d5f23bcac0b2090bf5e691e98dcc29705eb5e3cd9ff610b9c5b03,302978fe328d5f23bcac0b2090bf5e691e98dcc29705eb5e3cd9ff610b9c5b03
reference_0.200000_0.850000.csv,ffb99c6bcb95f5ec296464dade56a62ee8e991ebd4e34d0579df6f5596d6b5cc,ffb99c6bcb95f5ec296464dade56a62ee8e991ebd4e34d0579df6f5596d6b5cc
reference_0.200000_0.850000_averaged.csv,f3cef3892670a9dca163fb36a055b4d59833f74fb9b2d23c6f85ab030369dae5,f3cef3892670a9dca163fb36a055b4d59833f74fb9b2d23c6f85ab030369dae5
reference_0.200000_1.000000.csv,c528ef4db949a5dae5183fa253319a6c0848a78439816edf8825dba9d104c61c,c528ef4db949a5dae5183fa253319a6c0848a78439816edf8825dba9d104c61c
reference_0.200000_1.000000_averaged.csv,d87a971bcb66b741367c847b31aa8f9cc8f49ac571165c513d759d09b8263673,d87a971bcb66b741367c847b31aa8f9cc8f49ac571165c513d759d09b8263673
reference_0.500000_0.150000.csv,2a1f1f6a9553b038db23a4053b82bf6d4c394072d902979805ab1d52f86400fc,2a1f1f6a9553b038db23a4053b82bf6d4c394072d902979805ab1d52f86400fc
reference_0.500000_0.150000_averaged.csv,1ba302c68ec645329f35a65e9357dbe002735b5c0d8200125a3c92a2ffa3968c,1ba302c68ec645329f35a65e9357dbe002735b5c0d8200125a3c92a2ffa3968c
reference_0.500000_0.350000.csv,5acc2ea0523803890be23ad4e46e11e6cd85ba316aff17f4e41355f22d1312e7,5acc2ea0523803890be23ad4e46e11e6cd85ba316aff17f4e41355f22d1312e7
reference_0.500000_0.350000_averaged.csv,ec297a5515f75d1b036f08507d2b4426806b5d50a1ac1809dc183ca0be0d52b3,ec297a5515f75d1b036f08507d2b4426806b5d50a1ac1809dc183ca0be0d52b3
reference_0.500000_0.600000.csv,f4242228052157c1c4f1616651737a2046f6d4a418f41f3f6dbbb514618b5827,f4242228052157c1c4f1616651737a2046f6d4a418f41f3f6dbbb514618b5827
reference_0.500000_0.600000_averaged.csv,46a91bdb431a6fc295dff6b1d06e18442b3f600b885e2d3f5086a5fb54198274,46a91bdb431a6fc295dff6b1d06e18442b3f600b885e2d3f5086a5fb54198274
reference_0.500000_0.850000.csv,bbf5748ae9a81d5fb4199f9d0f94f2d0928d9d4cabe182e150e0e789e919848c,bbf5748ae9a81d5fb4199f9d0f94f2d0928d9d4cabe182e150e0e789e919848c
reference_0.500000_0.850000_averaged.csv,d070b604e612a1c2286ba4d2b456d454847a5c729a6f58b692ef26764bb69b69,d070b604e612a1c2286ba4d2b456d454847a5c729a6f58b692ef26764bb69b69
reference_0.500000_1.000000.csv,934a69d1deceae56b91254baa0bcc99b56ca289611bd944dd0692bc0ca51f7b2,934a69d1deceae56b91254baa0bcc99b56ca289611bd944dd0692bc0ca51f7b2
reference_0.500000_1.000000_averaged.csv,6841418c250c5103b093c605e44e28a50e5bdfc5cf2b48b68e6fd85dbb082546,6841418c250c5103b093c605e44e28a50e5bdfc5cf2b48b68e6fd85dbb082546
reference_1.000000_0.150000.csv,e0588a9e458136dde173bfbfaa5114775e594e45ae2583ac4425527690127bbc,e0588a9e458136dde173bfbfaa5114775e594e45ae2583ac4425527690127bbc
reference_1.000000_0.150000_averaged.csv,67458541ce47cbc401a0494ebff0b157e1dac618bc4356400d52d3bf2ba79ec0,67458541ce47cbc401a0494ebff0b157e1dac618bc4356400d52d3bf2ba79ec0
reference_1.000000_0.350000.csv,b0879a78b1353b003e84e40937488782f83caea8ae0623b11b7aef213cd06c5d,b0879a78b1353b003e84e40937488782f83caea8ae0623b11b7aef213cd06c5d
reference_1.000000_0.350000_averaged.csv,2b7fd910c0402e2a557f6ff29c3d20a85b5d4a9971d36db4ecaa6999c03a727c,2b7fd910c0402e2a557f6ff29c3d20a85b5d4a9971d36db4ecaa6999c03a727c
reference_1.000000_0.600000.csv,ca497781bc5c4d848e130a08e6a934af4f1d83be1ed9cb5a68f8034c317ba778,ca497781bc5c4d848e130a08e6a934af4f1d83be1ed9cb5a68f8034c317ba778
reference_1.000000_0.600000_averaged.csv,63c8d4744233b58de99754bbfa3d91dbe47eef8a62fbc214090f1950d69218e1,63c8d4744233b58de99754bbfa3d91dbe47eef8a62fbc214090f1950d69218e1
reference_1.000000_0.850000.csv,a7dc2a3a969a4df79bceaeab25a435fbee9f279a7a3cc2fe760c0cf12742b6e5,a7dc2a3a969a4df79bceaeab25a435fbee9f279a7a3cc2fe760c0cf12742b6e5
reference_1.000000_0.850000_averaged.csv,f6f150dd7a486a12e2f63610cf18885195355c8df45c642941312e09facfb5bb,f6f150dd7a486a12e2f63610cf18885195355c8df45c642941312e09facfb5bb
reference_1.000000_1.000000.csv,3e866629d9f1302e4bf8b3c61cdeacfff8b13819ca93b0b0011b2fda2878b838,3e866629d9f1302e4bf8b3c61cdeacfff8b13819ca93b0b0011b2fda2878b838
reference_1.000000_1.000000_averaged.csv,07eb9a59410cff55efc9a2d67c9d7b9c8b62c2d92756561eddb463e8a4d1e434,07eb9a59410cff55efc9a2d67c9d7b9c8b62c2d92756561eddb463e8a4d1e434
reference_2.000000_0.150000.csv,01dfd6785ca5f08ef969afc964ee510e4cdf8313c0ccf93e2cd60ec86080ae01,01dfd6785ca5f08ef969afc964ee510e4cdf8313c0ccf93e2cd60ec86080ae01
reference_2.000000_0.150000_averaged.csv,1dc8063bf0791167f138f5619c904deb5f38bf91414e506956c2e53317613c90,1dc8063bf0791167f138f5619c904deb5f38bf91414e506956c2e53317613c90
reference_2.000000_0.350000.csv,c58bb3da30018840fdb278e048f1ff4d66b0cf848376d918a0e07efaa0c315e5,c58bb3da30018840fdb278e048f1ff4d66b0cf848376d918a0e07efaa0c315e5
reference_2.000000_0.350000_averaged.csv,6e12467eeff83f3f2d3c142ac5d6d40ef7bc877bee870ab0c796361d73153764,6e12467eeff83f3f2d3c142ac5d6d40ef7bc877bee870ab0c796361d73153764
reference_2.000000_0.600000.csv,7ab85f9f9c705d8b2ccc968bd08c67cefa26c40c74b0f03126692ac4121b35a4,7ab85f9f9c705d8b2ccc968bd08c67cefa26c40c74b0f03126692ac4121b35a4
reference_2.000000_0.600000_averaged.csv,462abe5db62a489aae9f4f516bfcc2ef3cb261f5a574fed4fd6cbb9a2a1852b5,462abe5db62a489aae9f4f516bfcc2ef3cb261f5a574fed4fd6cbb9a2a1852b5
reference_2.000000_0.850000.csv,ec9f3a8f459f61dac24c736f6a4fe6400617dd417586012295ceb25b38e2c04f,ec9f3a8f459f61dac24c736f6a4fe6400617dd417586012295ceb25b38e2c04f
reference_2.000000_0.850000_averaged.csv,267a7a35b11a70d536339fbaa0fd98f811a2d8a8f8cd2866e380d7dc963e16c3,267a7a35b11a70d536339fbaa0fd98f811a2d8a8f8cd2866e380d7dc963e16c3
reference_2.000000_1.000000.csv,08cf00b10a3af82300ba0c32739270cc6932dd6e6744b66e2f3b5ef18f78fea1,08cf00b10a3af82300ba0c32739270cc6932dd6e6744b66e2f3b5ef18f78fea1
reference_2.000000_1.000000_averaged.csv,afd94668ba7a2e5d4baabd9aa9984c23e34a6a5afe520cc42e7acb0649ee8454,afd94668ba7a2e5d4baabd9aa9984c23e34a6a5afe520cc42e7acb0649ee8454
reference_4.000000_0.150000.csv,9440deaf8ca93db791a62b42ebeea1c365276ce67c682e67621029d64777b7d4,9440deaf8ca93db791a62b42ebeea1c365276ce67c682e67621029d64777b7d4
reference_4.000000_0.150000_averaged.csv,2deaca389fd821f6d452de58f5ee3bbdfabf7282d7eed4c6296a126b32597fbb,2deaca389fd821f6d452de58f5ee3bbdfabf7282d7eed4c6296a126b32597fbb
reference_4.000000_0.350000.csv,dd211cfac2c2eac0345e5b1ece887b6ebcb394088e3f8b605358e2a7878ec20f,dd211cfac2c2eac0345e5b1ece887b6ebcb394088e3f8b605358e2a7878ec20f
reference_4.000000_0.350000_averaged.csv,1d8e8f7121ed0baf6d03f54fc5f5a23171f33e2ea49698863d032f2c76cca6d3,1d8e8f7121ed0baf6d03f54fc5f5a23171f33e2ea49698863d032f2c76cca6d3
reference_4.000000_0.600000.csv,063ea99c9a1298e98a51a1a7eba996da5eecc469fcbd13683fe4e2c9e069464c,063ea99c9a1298e98a51a1a7eba996da5eecc469fcbd13683fe4e2c9e069464c
reference_4.000000_0.600000_averaged.csv,064d41d066d18cc4f233f2616a1b2df5b651e3eef3cbd06309c41547ca763937,064d41d066d18cc4f233f2616a1b2df5b651e3eef3cbd06309c41547ca763937
reference_4.000000_0.850000.csv,ddc1840fd53a8b68137f118eefea2a5461b76da1380b76e057b50c76a5396534,ddc1840fd53a8b68137f118eefea2a5461b76da1380b76e057b50c76a5396534
reference_4.000000_0.850000_averaged.csv,81e0cf80af3e88c66ba26a9e1bd8da402316f3cc4a6efab57e6ca9f89e489580,81e0cf80af3e88c66ba26a9e1bd8da402316f3cc4a6efab57e6ca9f89e489580
reference_4.000000_1.000000.csv,bae33eb126b51e245c06d156db9637c1bc8762cf9d066ba6b148bf16505436a8,bae33eb126b51e245c06d156db9637c1bc8762cf9d066ba6b148bf16505436a8
reference_4.000000_1.000000_averaged.csv,9974cef4249ef4db5476fe095b4b5639d8c8c10176de0b2ed46ecd733bcf12bd,9974cef4249ef4db5476fe095b4b5639d8c8c10176de0b2ed46ecd733bcf12bd
reference_7.000000_0.150000.csv,4b7cd84ba89f08b93799d798b3b128731d9e18797d5fb9153fa5d033b6d49324,4b7cd84ba89f08b93799d798b3b128731d9e18797d5fb9153fa5d033b6d49324
reference_7.000000_0.150000_averaged.csv,1358067c2c67e7fc8b8749abc7303e118eebe39287545fdb9ef27ca0537e7cf4,1358067c2c67e7fc8b8749abc7303e118eebe39287545fdb9ef27ca0537e7cf4
reference_7.000000_0.350000.csv,338b0295fde60e78adb96971ae91dd7675413613bdd2ace14841110ecac99fc6,338b0295fde60e78adb96971ae91dd7675413613bdd2ace14841110ecac99fc6
reference_7.000000_0.350000_averaged.csv,6874e3ca7c18d13ed8fd8116e398ada41a508eb924703329bb7ea314201b90cf,6874e3ca7c18d13ed8fd8116e398ada41a508eb924703329bb7ea314201b90cf
reference_7.000000_0.600000.csv,fdb393f58d93e0d2ce78b182efa55cfa20a39a6bd313e19ccbb3ffed673d789a,fdb393f58d93e0d2ce78b182efa55cfa20a39a6bd313e19ccbb3ffed673d789a
reference_7.000000_0.600000_averaged.csv,2b89939bae7cd79b9338040e17af70cb4f50f3878f96a250ab6c77bfad897b8f,2b89939bae7cd79b9338040e17af70cb4f50f3878f96a250ab6c77bfad897b8f
reference_7.000000_0.850000.csv,25beecea75b42916f0568b0639538073f9451ebfd04326535b096458573919cd,25beecea75b42916f0568b0639538073f9451ebfd04326535b096458573919cd
reference_7.000000_0.850000_averaged.csv,83a500aab8fd54d500d0af2fdc467180cac3b5ff1a560b63c2d36c5b925d25ad,83a500aab8fd54d500d0af2fdc467180cac3b5ff1a560b63c2d36c5b925d25ad
reference_7.000000_1.000000.csv,bbeee36c07782a7f5f29f04630145fef4e440082bc8d62b8d37854cf54aaa04b,bbeee36c07782a7f5f29f04630145fef4e440082bc8d62b8d37854cf54aaa04b
reference_7.000000_1.000000_averaged.csv,2560f76cea6b98fad59d90bc72ab403dc35b9129f4de9e5ce18a5b3cfd02a965,2560f76cea6b98fad59d90bc72ab403dc35b9129f4de9e5ce18a5b3cfd02a965
summary.csv,526e03a9574fbfc6889745d95f813f6d4450cdfb8ccd96ab91259c2d948fbf48,526e03a9574fbfc6889745d95f813f6d4450cdfb8ccd96ab91259c2d948fbf48
