preset,signal,rms_legacy,rms_reference,rms_delta_db,peak_legacy,peak_reference,max_sample_delta,sha256_legacy,sha256_reference
factory_0,guitar_like_out.wav,0.06004326525124215,0.060769621741203886,0.10444462484643188,0.6816770434379578,0.6796954870223999,0.15878275595605373,6f13888e69c177429e296e619d4b03c82db3e571e874d3cb59b0517edab7bd23,41890e3c8509769e36d63989ccf305baa34f0505ba6551fdd293e409f4d7c829
factory_0,impulse_out.wav,0.003536268200099313,0.0035362690881737477,2.181315196092179e-06,0.6321148872375488,0.6321148872375488,3.282835677964613e-06,8ab16a19a1906f9c12b254da883b566bf942e30fb4e7054ab80b7d86279d32e2,86bda9b3a59b5a199882c779de71f02d6ec3cdae1aba940b39d712bba94f48b0
factory_0,log_sweep_out.wav,0.38698860253029105,0.38483189690982716,-0.04854226020563014,0.6853967905044556,0.6845244765281677,0.4336630627512932,9c0ef7e1dc75eeeec7021178ac45fd9c3f39f81fd7b06398be3dd1b8126397a8,0d555e996a14e9bde6b4b4a52efa8fd950af20604b275e0b7be5223c74bb39bd
factory_0,sine_+0dB_out.wav,0.41862451706878456,0.41012220033951086,-0.17822761611932741,0.6957685947418213,0.6957663893699646,0.3022334761917591,857ebd6807ce2418606b900e818473b284a73e668a1c327f3c35301e15df6a98,c3be97b3428df8b72a4ce2ff45cb8cc8320999c8e4f7d06924eee0af63f3d912
factory_0,sine_-12dB_out.wav,0.1412861043863665,0.13520430313934356,-0.3821787322238781,0.3423367440700531,0.3420858085155487,0.08436305075883865,97ce851c76adf22305d6b3130e93d77a052ecc5127168bef207ca5f0a7ae6e2e,e4dae476674c7f6848183cee45da6cbfd4cc7dacf92e31378b6d51b0487c0e94
factory_0,sine_-18dB_out.wav,0.07127277283814214,0.06820344129492402,-0.38234734125719805,0.17584827542304993,0.175687775015831,0.04162552207708359,7e0af42b2151f5a2f64d5ef46e7ab211e7d4c5f8fd4d4b9ee6fd0fabc25076ba,4d4d262fea7dc52d54b9b1febd3a3b918cd91c3ff9608323fcbfdfdb2eca6cda
factory_0,sine_-24dB_out.wav,0.03549782303374472,0.03399511094800422,-0.37570514210223294,0.08699363470077515,0.0869157537817955,0.02043975703418255,afae7f2dbecb4186e757831455ea8cfd3a36eabca74504739b92b01854ef889c,5767aca221b4e63f7472320393076720538b19b84c02b250af515e14d5076843
factory_0,sine_-6dB_out.wav,0.2601042435968401,0.2502866371972173,-0.33419549031012025,0.5593039989471436,0.559076189994812,0.1655508205294609,f38ddf2baeb3834f3f73c6b21dcc73feb45d4976b922003fa280d019ba88840d,47eb7f9ef68b71912fd39c8b40c5e08376811ed6e7663c2e3c7e6d1762cb9f70
factory_1,guitar_like_out.wav,0.0636234453614328,0.0633609786696478,-0.03590613545576121,0.6831758618354797,0.6816288828849792,0.19563534297049046,2f56a692acd8b04965c80078763cb61cfd09582766a7b8ca07036dad260b94b6,c95b660863a036abdbe77a1645617bda98d2f3d41bf91cf06bede95ec4a07332
factory_1,impulse_out.wav,0.0034754272897198645,0.003475433003340522,1.4279636296286568e-05,0.6101438999176025,0.6101438999176025,3.2666284823790193e-06,845131e4190c0f2bbe40cfbe9f5dd29b1a320beaeb972f8d243023c682f15322,3c46af55705b19dbcba033ec2655baf9cb7e01c0669712e2df7763834ae56263
factory_1,log_sweep_out.wav,0.37701880238898544,0.3746064104760052,-0.055756090967215344,0.6823241710662842,0.6821116805076599,0.4792760908603668,0daf47b08d1727c3995ec9e3c4569e991d53fac227adc8e69122c04d7cd45a0c,9f8e000248f1708ff89d7afb1e024b10e2156bd580c587b5b46e5bd3f70d4ed4
factory_1,sine_+0dB_out.wav,0.40182485652605343,0.39258616932769413,-0.20203605638349248,0.6973101496696472,0.6973077654838562,0.2801193408668041,99204f94b2f0ebed7ed9606a716290cde68f57780d33acc69d816064639fff4b,f22c03b17133f7ef5f1976ad81d0abcda4f5690d30391aa4cc7c9649160cb1c3
factory_1,sine_-12dB_out.wav,0.14650721317543308,0.1400488048111333,-0.3915920103917459,0.3828788697719574,0.3826799690723419,0.09022055566310883,bd789630e878e99c0515a35c5c6c999d96fac5ceb2fa0694bbbe4e2a0afdd0d7,874592160eb80ab956e2dfba1b85b1839379d1324e585a88a4d82555637168f9
factory_1,sine_-18dB_out.wav,0.07467337239554343,0.07132020722501423,-0.3990633797261384,0.20151744782924652,0.201372429728508,0.04523004591464996,7ca363a41d156b2ab62a13778bc2714b0d259352c0cd273ec04bb586eda874e8,4e6f6803d3235a5c542bb4bc22fc900fbc1d8c9b1f3629331905863ff7dc8688
factory_1,sine_-24dB_out.wav,0.037196089617164974,0.03553951231365554,-0.3957164286683324,0.09940888732671738,0.09933768957853317,0.022116754204034805,cc9fe42a993362bab4a6a554f30dc168a70a0022c04d585fc6ecd523d82bda78,60ef3996415fbc3305748c33261872557568172a5fbe44dbc3cd32c6d12c3464
factory_1,sine_-6dB_out.wav,0.259050989125934,0.24919769635400743,-0.3368246320030078,0.5803754925727844,0.5802564024925232,0.16191981732845306,96d3a447b77604bc9bb1a84760bc1b3c1d9053f7f4e285309f04907c7646e8ec,f7456752528f45868ddae7c8ffa2e71a468f9e8275d13c5160b862a64e95440f
factory_10,guitar_like_out.wav,0.055328536986748104,0.05490886341961132,-0.0661346491355871,0.660800576210022,0.6593526601791382,0.09393599443137646,f4ba8d87e448843439857d3a046d7516b931d8af84e1cf2098f06f436f80da41,f733f273e27fbf6ab00efd7ec3bc920f20734cdd0aee4bacabb7c820d99dc5a9
factory_10,impulse_out.wav,0.0030772810810185567,0.0030772824817746898,3.953753360155693e-06,0.5768699049949646,0.5768699049949646,1.663596776779741e-06,a914a4f2719278cf3b8ea3ec92dacb4a2edc30fc01481b213e2efff509dceecf,aa49b3e29af8a85a109ddc198c2e258aa473daa2331a28c817ad62a15646a0e5
factory_10,log_sweep_out.wav,0.3704893981336356,0.3682737091284537,-0.052101377794398135,0.6649775505065918,0.6648502349853516,0.2922007814049721,2efa9ad612502dfead11b0f48eb2c0bb06e33fe7a2fa2b188f576b4118e0c926,221b2fae18e18869144c8f61bf42dde13b42541484e7a7ec573e36ee34013a6a
factory_10,sine_+0dB_out.wav,0.41221093915762913,0.4087828572226145,-0.07253675859426306,0.6936964988708496,0.6936863660812378,0.20898762345314026,ee582e987c0a3f2ae7ac8026c9c5c9d0960ed9f46a92e077802c942cdff98c9d,2d31f1cba2c897f93c07d554020f9a4e63822aea738dc1bf64db8d325ac0223a
factory_10,sine_-12dB_out.wav,0.13980047258790534,0.1367959962450779,-0.18870505825304673,0.3304874300956726,0.33048656582832336,0.07037444412708282,46408caf08a33abe998336e3d03899135743da52060a20df01f66c3e025f2a27,c7422ab4049bf4acf733cce1821522b049978865e0beb5b9db5089368bc33f94
factory_10,sine_-18dB_out.wav,0.07042584290509406,0.06889247035665116,-0.19120591192498948,0.1661771982908249,0.1661495864391327,0.034467220306396484,9219e78f54e03d57400b8c9256c2fd33c0a146455152bc8529ddbbf073b5d93c,0caea0cb0a584d0f858791b23ecf119b29afd96b28eb2e9ad717d276b1f9f5f1
factory_10,sine_-24dB_out.wav,0.03506624724471841,0.034316057965393255,-0.18783795702771727,0.08148402720689774,0.08146866410970688,0.016818396747112274,d4057b07708d3cddb00f1b55cb106a8da74d3c3635f597e79da5c0cf48ddc777,7e6ca4927bc5b1ca59a729286c62851c192c9ff2c32c8fd2ca87a93d32ff1267
factory_10,sine_-6dB_out.wav,0.2574933347776579,0.25305654030063834,-0.15096851147162865,0.5525678992271423,0.5525335669517517,0.1316252499818802,e475861cf1bc52f79f20c6219ecd6c8bf068c024240090837d52f8643fbf69ec,a5ae8ae729867daf24dfc4ce50ea0bb5dcf9810011ca90b06ec3a1213cc68208
factory_11,guitar_like_out.wav,0.07079883051355705,0.06891642529470791,-0.2340668287989462,0.6660585999488831,0.665169358253479,0.07856822572648525,c1e1a873dec5e596eff45d327e7da2ba004e1823cb5f0b7f5e4920d1bb48cdc8,6f3c8d2e6e8f90cf8da4b4fae2292e4cdff1b2b81da1babf0b15904ac2ec69a2
factory_11,impulse_out.wav,0.003811286099889389,0.003811506427020612,0.0005021092046909083,0.5058059096336365,0.5058059096336365,2.6673078536987305e-05,583e61e1b7c767dbffd00c65ec04269ea7cdb3ad6b50b2db4c5cf3b17681607a,7da969e9d76d260ce6a9e32d332b38ad0151703720084ebabf075c63acc7b971
factory_11,log_sweep_out.wav,0.39401786058082927,0.38389060742118836,-0.22616844239773887,0.6739177107810974,0.6598865389823914,0.6824254095554352,5065cbe0db86b525cb5fa8c7a55a868fcdd92ee26b6ffdbbce2a9001f85a1621,d6208f35a3b580c1326ab58be7e8d38eb2660f4cd45372efe6d49cca150d53d8
factory_11,sine_+0dB_out.wav,0.49215876545732706,0.43637538498107803,-1.0448995884897765,0.6849510073661804,0.6849028468132019,0.5591361224651337,600f6aa4f7f095376d5f194a1c1ea52286e643ffdbd951de6e40edb5174b2139,f6367a7c40f5d3c109414f166a995d07c3a2b986ea83637a5fd332af3a750e06
factory_11,sine_-12dB_out.wav,0.20696047928177208,0.1721735903822508,-1.5984177086723719,0.41459164023399353,0.41449078917503357,0.16830382496118546,002f924ac54293c36d7384b4737e3b34282dd5eef6cb39356f4720758a6601ca,2d325eeb2cc32066cfb62f71335d4e188356cb535dcbbbe65ef013bccf4c7ecf
factory_11,sine_-18dB_out.wav,0.10622460613217494,0.08794652163436391,-1.6401292413190935,0.2284030020236969,0.22829166054725647,0.08327791839838028,62eebffa6e2c88b82cfeda3b82e7ea5dcf16a1c18eb365e526c060032815a806,c4df8fed371490731a34e167a502190c2d51045cec0e7cfedbca663da496899b
factory_11,sine_-24dB_out.wav,0.05282580460932631,0.043757329305600855,-1.6359062672865683,0.1117958202958107,0.11168494075536728,0.039661161601543427,bf5a863e13ba8310d4b7d39d700859aa3a92d36295c430a38927468ee6ea236b,80f31e06b81a452c45e79a3306f518b14f849eb6a4cd09b7389c05e1e2ede00d
factory_11,sine_-6dB_out.wav,0.3482032209604481,0.2964336666863431,-1.398105162889289,0.5754739046096802,0.5741652846336365,0.31784752756357193,19eb5c50c99eef0147fb424f63c0d3529e8b1986b5adcced66710c077a20bde5,33e53827a6b2a11e10cf5675a2b1ce8c686ec2aab92679501f7c9e2b6f4d783a
factory_2,guitar_like_out.wav,0.06661690882498278,0.06666180041800152,0.0058512487042847935,0.6447656154632568,0.642360270023346,0.2747946260496974,c179de217af711d133cdbf7c58a01daafc47f8667c8940afc9babe1696e0894a,e04db08e20360e3575a55239a8ef2013eaef33f68b5d80183135f762b961c3c1
factory_2,impulse_out.wav,0.003325794603672878,0.003325817889184793,6.0813941545134626e-05,0.5920280814170837,0.5920280814170837,5.884561687707901e-06,edd9b031f70919fbfa19f4322710d6eb246633621c7f7130bbf7f79b890c5df4,47f31756ccd79272ea7121788e2a8cae5216d28c0ba1b47f02eea30f7e198873
factory_2,log_sweep_out.wav,0.3697525239047852,0.36796844516073124,-0.04201138895703299,0.6717057824134827,0.6709245443344116,0.44414323568344116,d3b716b406ac42de28ee9243078d2a6d40e7b66a6f9d008121948f21e1939992,287bf8a5379a0abd9b8ec076f474facb496afe790f9cbb166d23119cca99ce42
factory_2,sine_+0dB_out.wav,0.3976501864378834,0.3911447974665171,-0.1432726449022978,0.6881073117256165,0.68807452917099,0.24858656525611877,381324a96de4246b177da49a46b69877d3f402e44b91a15401480836461bf038,de58a111a10380b29a73b3d1b1274b5d47757411b586b6fc14085d07144f9440
factory_2,sine_-12dB_out.wav,0.1268297900925612,0.12257964144798944,-0.29605853997275733,0.3679088354110718,0.36775392293930054,0.07691618800163269,3ce245607d2eede64784064948ce0c7aba6dd67e5072d90f83ffa31180fd815f,45b3ddf9885c9c0869e98ee5e18b50c9e026749c40d2f5c2be4688fbe83d6b10
factory_2,sine_-18dB_out.wav,0.0642627858538273,0.06208450309393146,-0.2995267840701782,0.1927766650915146,0.1926610916852951,0.03733484447002411,c4740883260a1323375b520859d05a47b20fab8e2e7a8b252b5332384890906a,693ac3060d019e74efd2efd831a908b80941bd618b0710ea684fbfd0425716c6
factory_2,sine_-24dB_out.wav,0.032117353959149136,0.031043000357564167,-0.29552136239296095,0.09402848780155182,0.09396734088659286,0.018044255673885345,c478c6692f3ad3bb881501f0bc29dd671960c2c48b8658afc1cbd90b45f35328,2cf08f05902b43329e880fa3c6957b3f53a48b64934435089175db18393d1ea1
factory_2,sine_-6dB_out.wav,0.23460368402323847,0.2279471060100383,-0.25001489631145807,0.5530712604522705,0.5528395771980286,0.14472849667072296,38308e3d8a8dedf52bd166ae3198373e22e76964739a03aa30667882aec7e70d,71e64d41b642b0484f8bfa34904db50e7c361020981c6aeb6f208b4e073528d4
factory_3,guitar_like_out.wav,0.0566197114279641,0.08025949473416359,3.03057539538232,0.6522129774093628,0.6588869690895081,0.6331593431532383,f5689a12aba0764b52da6821f33ea20c5d406781d6ab8e5d1f2822b0661fd5c6,21f04a6ec9b8235dac6471476d91e2d6ab4f96a6efa6b97d9eb1497938128526
factory_3,impulse_out.wav,0.003118896478821465,0.0031188619642292157,-9.612104794436117e-05,0.5888752937316895,0.5888752937316895,0.0002701196208363399,d3ed80bfb8cb5932c55235c750d0a3a1ab3a12ea5dca8f07a53a20401e7023b5,85fe7c4dc34af69a0d322fc0260ce8f0a9dc387b6b3374e9d38764e7ea75ab54
factory_3,log_sweep_out.wav,0.4039213154786571,0.4064767615386316,0.05477899479812035,0.6857973337173462,0.6842730045318604,0.6932345628738403,8d18cfe316725ff0e23566e0b2fc69350a94e3dcbf72c97a8658d8aeb1228b31,a54057ed30b7f6b4cfd5bd785911ae38cc0da0b424bf128203be71331b4dbf57
factory_3,sine_+0dB_out.wav,0.4246362398228033,0.4007004565847453,-0.5039443640582976,0.6863716244697571,0.6862589120864868,0.64046401809901,242b89137ebaa8ebca56ef97d3c5fa0b21c7b490e83e9e4df13d19cf971db2fe,7d699b6715e85242b010f25bfaaa6d5ac5ef52fc5b8c4c23ba03d9ad6d9cc5b4
factory_3,sine_-12dB_out.wav,0.13597308828797527,0.12528779486327074,-0.7108839219655617,0.2900010049343109,0.29020100831985474,0.23667672835290432,af93cd4a7c5547062c3af60bdecfe3e2710013514ba130eb54603a0527e62457,6e512533bdbada70460086b0ec141390ae7ed588b5e505ba9c7a6d414fd9d0d6
factory_3,sine_-18dB_out.wav,0.0682612848991215,0.06301148970291881,-0.6950942325457738,0.1465943455696106,0.14673547446727753,0.1149849658831954,3d9a1ae77ecba35baf0f5bccf54c2a09a6efaefb9c79d45b51cd1da3dec77153,7bac266505796962e435d30506e0539b619fe19dbdc0a0b7ca6f880df62f56d0
factory_3,sine_-24dB_out.wav,0.03403891084033165,0.031472910812462764,-0.6807748849990907,0.07272479683160782,0.0727589800953865,0.05596733558923006,095219b90efdd28d9d0252deb6bed186a96c256aac5f03d79768711a79fbd5ec,7873b29c836402450ae8ce58e0272e84e8e2852fe0fb98ff822ed60582afca71
factory_3,sine_-6dB_out.wav,0.25756032429884257,0.23781235494726663,-0.6928909938787825,0.510620653629303,0.510464072227478,0.454007001593709,757997fa21cdd19a1f8246c5d2518585578480c07201d5eed2fd3628d64d1ef9,43f48ffe28e75c3e24d1b8183c8907555d64daf2afa2e0844440038704089298
factory_4,guitar_like_out.wav,0.05707770283719237,0.061905589666284705,0.7052675728299138,0.5770059823989868,0.5745292901992798,0.2203280720859766,a85f2095b64601ea7ad532ef51fd109a85b2aeb28c2e049bcde5897cf64f1abf,e168d00f92672cae11bf77fdf233fdea47d8296f85800f7cc575562c5826b907
factory_4,impulse_out.wav,0.0034696638630012065,0.003469665011784125,2.875840539978761e-06,0.6544169783592224,0.6544169783592224,3.9818281948100775e-05,2a85579725f6f42063410c82d78c3ed0333d73dd86ca1b07d8a14a2ae629e415,fe4692ff1379fe4e091f6b37a5728ee3594889949e56c5c8571c2b6d6f50ab1f
factory_4,log_sweep_out.wav,0.3679887003993051,0.3677969356247774,-0.004527535260759566,0.6184263825416565,0.618509829044342,0.23687805980443954,5d32d1c870d4cfbe9ac231ee42a2f55c5974a12e5a1ad5c15c73d17b5f5a3cd9,7f764870304b70ae81f0b1c047bf0d2b56c0d293b6e7b998e3719047bb1f5284
factory_4,sine_+0dB_out.wav,0.37999576326443496,0.37622787817026987,-0.08655562489885801,0.6639242768287659,0.6638798117637634,0.22203990817070007,f88d7e69a89359d811eb4054c7f6477f97b3b4101b18bcb7f6781ffdafe579cb,fcf92e65beb160eff213430808b9ce32d8b715113fbc7389bfabffca35b41789
factory_4,sine_-12dB_out.wav,0.10863338750066551,0.10667558772003291,-0.1579655609877911,0.24760746955871582,0.24760256707668304,0.0711561068892479,f2cc4e4471701670f2abaa6953e38e21d85fb0bf68bdccc3e0030b223d64a370,9c36ba1571a17e21faacdc75ce4fbba377bd05b947702b89d5c44c8388d56bbf
factory_4,sine_-18dB_out.wav,0.05478036541057338,0.05385038374175826,-0.14872244830195033,0.1250695437192917,0.12506522238254547,0.034014973789453506,3e8e258d978fe2ed2097742e51febe470b195ed16d66d269b190395897161c68,641d0f64fb142e61c358ac70a53acf0c6841065f4a949cd2fb26dc75c7553bef
factory_4,sine_-24dB_out.wav,0.02748724393904703,0.0270421696593632,-0.14179326972861905,0.06231720373034477,0.06231507286429405,0.016472002491354942,1f45d2d4936836cf53b5bb1e51fd11d1182746bc6e59e19a81028be8cfea49d2,94981be1bd3051eb76d0962565647941b258c64cadf94924181ddfe718c05893
factory_4,sine_-6dB_out.wav,0.21045377545712318,0.20675969996039834,-0.15381655910551464,0.45160195231437683,0.45157548785209656,0.1439272165298462,a22e397cf7238b3962f0028ff6700337ff59cbcb9158ee5009b0b4f9729a0567,fd451bae11559b3928737e2c00310aab3657b9c154751c0efe56f79daac973e7
factory_5,guitar_like_out.wav,0.07668895641809309,0.07571555946917626,-0.1109538440033265,0.6158235669136047,0.6145904660224915,0.15206466987729073,135b3982c76f32dbe1933b099545692e44eb50bc4a7805dddfe7f31e01e995d4,b8e0d2f5453e8c9a40d139506542c2e064574003615bbf0ded2dabad42c5ccf4
factory_5,impulse_out.wav,0.0024403019164079536,0.0024403033976157546,5.272136001226881e-06,0.27322885394096375,0.27322885394096375,1.7279817257076502e-06,c36ad01edb59aade8db97da669019b21ad6755cf1c712f8c3517169357606877,49f8ea4dc0ab88ff38bf34a997ed7389e2a3d217e07da39a7e4332149a5ad4e5
factory_5,log_sweep_out.wav,0.3253015529329146,0.32211009768195586,-0.08563594002045083,0.5914284586906433,0.5903133749961853,0.2925935536623001,4cf348e47ab3acc89f43ec51e4763b03069a122acba786f82837ba376890c7c6,d479b593945fd57836a14c056e611149664bbd619b3e62a2d0a04a60cb0bc0c3
factory_5,sine_+0dB_out.wav,0.406141221981603,0.4026402174040046,-0.0751983857227237,0.6342624425888062,0.6349785327911377,0.26322871074080467,0136e0cee94e65529bb4b7a34c9d263d0deff594aaeaee02750670efe66eaaa1,a542a14e375dc80c5d042903b924e00d11d5864599dc9b9c5e19c1b411b1af2b
factory_5,sine_-12dB_out.wav,0.14446216309687554,0.1429424623174732,-0.09185709003089076,0.26358896493911743,0.2636215388774872,0.07189401425421238,d78f88c4b10578ae9e6155029d3fcb98930a95f777e6f2621ba96401827cdb76,6223e0359a21bb939c687c73fbd74090ec4703cbf1b8a32692da75c45f0785c5
factory_5,sine_-18dB_out.wav,0.0697140632736055,0.06895784321493197,-0.09473453204997376,0.1281719207763672,0.12818419933319092,0.03429108299314976,85a67e0871ee4cf4963edf38496c864a94fcb304636fc6d087d6c49968a6b710,a288904a4baa996a2d86e093934ccc130a365ff200d3c438ffc568ed8897681e
factory_5,sine_-24dB_out.wav,0.03383601599205788,0.03346430365115669,-0.09594858445134888,0.06224803254008293,0.06225166469812393,0.0166404340416193,2890e7974462b2c44877c49de46905d808778f46616d3ecba6d14ef050b6fe09,92bbc53badc338ef5c77b0dc543c1550b2905b22418d8469515eb2911bfde833
factory_5,sine_-6dB_out.wav,0.27913508669129367,0.2764291028569792,-0.08461331114623441,0.4745124280452728,0.4743233621120453,0.1486976407468319,6ce08663aa3210426fd17b01e3067b58d46eac6027b01595b891ef82a06061a0,67afb1d2ff91b6512c9983626a67b2cb00b25ccbfddcee3985f3316453ae27dc
factory_6,guitar_like_out.wav,0.06488382566391966,0.061521462848985374,-0.4621959041889985,0.6463665962219238,0.6447712779045105,0.27649209182709455,acc876381c673577a7919b606a4f4564dc29ed69ad53476b0e9a5583eba33781,944bba9b5ee92eaec564e9588694a4cf29bb668095496e86daa3b3468abbede8
factory_6,impulse_out.wav,0.0036507292055939088,0.0036508710495220115,0.00033747142063081294,0.5360633730888367,0.5360633730888367,2.195499837398529e-05,0bcb38d6f32d4d9a9bba9c9613c848667431e1dc9fad3e0ddb5645c628b73aff,402458f397bef6baf245794b61322d670bc932d6d93b1b1a1fe36291e3d3c213
factory_6,log_sweep_out.wav,0.3295341575099337,0.3212353251794649,-0.22154280882005956,0.660552442073822,0.6516637802124023,0.6334015727043152,04b219792e7e420148c864f3950fd25941e4bfce738d849a89660599d0442790,039368c06b2c14f2ea577684a1499705f23c2a7a72594887a25081ea071731d7
factory_6,sine_+0dB_out.wav,0.4195792812876513,0.41017416456419165,-0.19691465004803332,0.6828070282936096,0.6820405125617981,0.4881291836500168,9ea5b291b827f078611c92518f3b76860279fb295b375e89601e8a0af41c30b8,e6e271918a3dee4a02215628deaac64996c24b6a3b825171415bce1bad651f85
factory_6,sine_-12dB_out.wav,0.17440275838830768,0.1655587905013489,-0.45202209118303105,0.4367154538631439,0.413257896900177,0.2929203361272812,6a0365af94d78d669b1db1b76a5cf7e80fd0c787d10c844bb49ef7e7c3dc46ab,c7342b017e1bc539b5332ab5f7052b35c00b111ac5372fc4c2f6daaa95930b7d
factory_6,sine_-18dB_out.wav,0.09666089429215834,0.09159398765196111,-0.4676768379649495,0.30454394221305847,0.2617306709289551,0.19899087399244308,0a0583bcfa334353e198dcdbfdca35c92b2f8aeaed2cfbf51e2e98a52ad801d5,292ce3c37a80305a1269b1e41643de47b9022e4f7db90f72c2746dd3ba360c3b
factory_6,sine_-24dB_out.wav,0.05039829260346562,0.04768272594974285,-0.4810949646903985,0.17856483161449432,0.1489671915769577,0.11449473351240158,fc40fd8c85c85ff83801b2208d6af672f7e920e075fc9a1a1f22927655c5b360,38f08fcd451b5578077f7ae6ae324681f743148a6ea29b2bec3c9a3cc7b852f7
factory_6,sine_-6dB_out.wav,0.28557732142220016,0.27396922010323865,-0.3604388473238476,0.5676052570343018,0.5674692392349243,0.3994893627241254,4c999f9c0cb4fab738259bbf42ed3bae0411541556ec65a32aad2b1abc397a50,da7c968af169d9429b6da287beefa7753efa248c05ee290761242f0c6cd86af3
factory_7,guitar_like_out.wav,0.05367100124798696,0.05416781878409733,0.08003301257356221,0.5542158484458923,0.5533620715141296,0.023000724613666534,b1a6dd720edcd525f83f1e32e9b0425f1c484943d154b4177c37601cc9dee3ab,302cd91bdb41ddcce375967ea560c7077e5f42345aaa27b21a9c090eaec9ac61
factory_7,impulse_out.wav,0.0033731358885023544,0.0033731362187258036,8.503316772109193e-07,0.6765856146812439,0.6765856146812439,3.970140824094415e-06,a9cb47759ebb40a9e3206f6c8cee89255244fba727e918fca796bcd39fc386c2,94da383d903c9d582b8b9995b558adce157296c1f46f8a507953b84513776d08
factory_7,log_sweep_out.wav,0.34231060573828137,0.34185377973719555,-0.011599378462717243,0.5508126616477966,0.5508076548576355,0.04115419089794159,9d02b1c9ae550524c8099b31fcd89b0c47f71dcf7d4e8728a8537432c2e46c1e,66f94b7a734e29b72d8dbff3b485115a5fe201d7c227a03f9e6964cdafa845ea
factory_7,sine_+0dB_out.wav,0.38877902802765796,0.3882973570857428,-0.010767901996004938,0.6911452412605286,0.6911441683769226,0.032336652278900146,4f6d56d111f9ca383c6ef7042b51e85b9592d4fec4baf20a1a3103ee112b26e1,ad1801320827181f18c9435217d28e0115ce48a0e02da3dab7a7e32824d3becb
factory_7,sine_-12dB_out.wav,0.10974211321123754,0.10948441614098901,-0.020420241562831273,0.2553894519805908,0.255389541387558,0.011649519205093384,faf9c13c07d8626e12243fae627b7f7dae04ca209a185431b8fd052604d7e13a,22b41d40115f90931789878c3ec830f8965839148165efcdab71752606dca649
factory_7,sine_-18dB_out.wav,0.0552489558503411,0.05512706925715922,-0.01918340375179146,0.13003575801849365,0.13003578782081604,0.00556047260761261,7edfada5b5abdcf218f899c3fc72723f5211a66cda0e0d773e32a151bac0f98f,0ce6dcc30305f0dddeed3ed4d9b63c1dbd123cbd808c91738e651980e49b7223
factory_7,sine_-24dB_out.wav,0.027705287126877542,0.02764707632464623,-0.018268878103502424,0.0651673898100853,0.06516740471124649,0.0026840828359127045,434f49415d3cb48b01af082717972d6c345e0778edb3c9748c3b0e88747aa173,8ebec947fdecb8f30a83a4f33f51f56fdddddd592196583888cf8814f6fbef23
factory_7,sine_-6dB_out.wav,0.2138605441083013,0.21337243202574796,-0.019847201698309044,0.4656001031398773,0.4655996263027191,0.02304941415786743,acba34848fd281992fa70107bf183bbba3e98713d337b5a774190e937361706b,9ffc916145ef97f9529144731619df3bcf781e090ebc8b09bfb425824a750bdc
factory_8,guitar_like_out.wav,0.06135078495719417,0.06189242360908626,0.07634731193545521,0.5717633962631226,0.5800556540489197,0.11140067875385284,ab46356424ecbd4af1b655f440f02d355e1c51a5dc2d1fa37151fe080c49de48,60f6a68347e9814275d4e10bdd8dd4c88d68fcb830dad72a0fc90d97647226f9
factory_8,impulse_out.wav,0.0033254305862147797,0.003325430937297806,9.170145579378248e-07,0.647270679473877,0.647270679473877,3.552424459485337e-05,d3d46ad76ecd61d7730112b734f89bdd2b35aec58c5eeeb7a15eee2c55243d82,503eed389e9efddf72050607e19c2b409a43acf9c47e985c2767c7987a8405dc
factory_8,log_sweep_out.wav,0.36774967045141865,0.3675807570842155,-0.003990486009517183,0.6078627109527588,0.6077279448509216,0.1127835139632225,e2740e369173e8cc4ccff0bd343944148208c7464ecf29b0598238c13d5249bd,86f5b2b61cd99af7fba34c03934469ce24b251b7d690f208e8a460350c9f694c
factory_8,sine_+0dB_out.wav,0.3850167678326661,0.38470606253413436,-0.007012269801848129,0.6602514982223511,0.6602413058280945,0.08916392922401428,5edc66b89afc251b06d4776fa733adbe82eec7930ea560d547ea5d00d39bcdbd,9f932aca5259284fffa5d027da7da0dc1bc577283318a6e8240077848eb31e0b
factory_8,sine_-12dB_out.wav,0.107992720051576,0.10763711711226563,-0.028648453539989585,0.2451707124710083,0.2451627105474472,0.034446150064468384,5415d59289512ee28ce9a27b018aeb8a1fb88351aca9ea2517670880414ff59f,09fc8da0da294352137847fcb525a0d3129e721a5e847f9e11543f727051d4d6
factory_8,sine_-18dB_out.wav,0.05452380700565909,0.054353793728260894,-0.027126199599624114,0.12470798939466476,0.12470898777246475,0.016639359295368195,d757b1ca2dbb4c36d9f5558a8459acf9b221edb8aafce9ea3ddd4abaa7eef0f9,b9f8816cf156d3653d37c66f3257ec238bc69c042baec11eebfe51635070837e
factory_8,sine_-24dB_out.wav,0.02738871136247693,0.02730781073065056,-0.025694301766453414,0.06239400431513786,0.0623943991959095,0.008076712489128113,5fce0c22e86f5763a70cb3976c4616116c710258813a7242b48b88f64f592447,1f24495a26dd8fcb1b25ab175ae6a7892da366e1e5cf632f4e973d813d8ba6c5
factory_8,sine_-6dB_out.wav,0.20982847571837704,0.20921717440450746,-0.02534186675274707,0.44447407126426697,0.44445013999938965,0.06664463877677917,978623b135fee8089eb2a33218bd8a1b3f906e28e9bc337cd2ba8968179732b6,defca219465d9785f294e5d2e6aa7aecb36d3ebfad1eeb05108b08359ea6db65
factory_9,guitar_like_out.wav,0.05407435824918466,0.054558235029240704,0.07737876781078218,0.5602726340293884,0.5597910284996033,0.017835363745689392,d755c60c2ed4febcd6700815ea3c640df7f80677a226034f5af5d906b7901af2,cbc4ae7bb4e4037d66799801217c89c39ad2a2b601419a8b1a1029b45b097e2a
factory_9,impulse_out.wav,0.0032005011534349047,0.0032005012921538976,3.764716141334612e-07,0.644285261631012,0.644285261631012,2.3015454644337296e-06,589f19861a21255ddb7c713c55f06a9939d24268926a3e3cae24d4d01c2f5520,69419df58f62a6605ca7778c542e51cff269e48f699fc23530fb1578918e345f
factory_9,log_sweep_out.wav,0.3425272712064183,0.342335613940428,-0.0048614516578025695,0.5488473176956177,0.5484790205955505,0.032948240637779236,9ae9b15733830e639e18320f77e2f1a5d7d06752632a6eee8dcefb0a3d2879be,db45c795102249b082d92271e54a93e31c94c13e3a116414a29cb6ae5c4f8e83
factory_9,sine_+0dB_out.wav,0.37576540758728594,0.37325841021802686,-0.05814390215333762,0.6681589484214783,0.6681587100028992,0.030918598175048828,7e42de474b369a747920e76afe7fc9e84e0ac0df4226f1bfb2ac5d2b794a0d56,b2398dc01282cb9f74b638603755c4ed9b71ee9ca14ff1861d27be5213604cd4
factory_9,sine_-12dB_out.wav,0.10529534230043919,0.10434654125033833,-0.07862205146113459,0.237681582570076,0.23768167197704315,0.009640514850616455,c3a41b686c814d2f3d9bef6ae34f4032362a1d6cdd30c5fe5266b23b6137d5b2,bced29cf204b9af01158fd0918ca79b363bc543fbd9f1fc736cb7f90544a802d
factory_9,sine_-18dB_out.wav,0.05313767013084927,0.05268936938135538,-0.07359015512554429,0.12059595435857773,0.1205960065126419,0.004567749798297882,5e2dc6cb5add4e9c63a5d54225f15a296aa1944888568ba7255f883a710be3f3,55def5b0b3ea2f9e7e22d8946c3e71fef0123992c752e8f600cc41fb2c233890
factory_9,sine_-24dB_out.wav,0.026687119717562168,0.026471842366722155,-0.07035071640746673,0.060383912175893784,0.06038394197821617,0.0022010281682014465,8cf41ad45cc7ec800bb89fe4048ba82567a6b18039561c9d610b003288d3c432,90ad2fe18cad2f1444dfd2c6f13aaf17d433ff28d07cd6270b10d0214caa5a10
factory_9,sine_-6dB_out.wav,0.20485253371056106,0.20295167355428548,-0.0809740596941659,0.4386555254459381,0.4386555850505829,0.019826114177703857,a55a00c040e4f92828bd23ed6e8087234d3392f9f4ea1cf4de392f39172a357c,b64d8524284edb62eadec867b759432c68b32ec4207adb5b57261f0351cb223d
