preset,metric,value
Classic Uni-Vibe,average_tracked_notch_db,-6.375142
Classic Uni-Vibe,deepest_tracked_notch_db,-9.234644
Classic Uni-Vibe,guitar_alias_proxy_db,-79.539940
Classic Uni-Vibe,guitar_lr_correlation,0.987251
Classic Uni-Vibe,guitar_mono_fold_db,-0.029687
Classic Uni-Vibe,guitar_side_to_mid_db,-21.637377
Classic Uni-Vibe,sweep_alias_proxy_db,-82.543144
Classic Uni-Vibe,sweep_lr_correlation,0.995840
Classic Uni-Vibe,sweep_mono_fold_db,-0.009043
Classic Uni-Vibe,sweep_side_to_mid_db,-26.809963
Classic Uni-Vibe,tracked_notch_count,11.000000
Classic Uni-Vibe,tracked_notch_high_hz,4321.265137
Classic Uni-Vibe,tracked_notch_low_hz,26.167307
Classic Uni-Vibe,tracked_notch_span_oct,7.367545
Classic Uni-Vibe,worst_thd_db,-21.845646
Shin-ei Dark,average_tracked_notch_db,-6.485431
Shin-ei Dark,deepest_tracked_notch_db,-10.446177
Shin-ei Dark,guitar_alias_proxy_db,-79.249580
Shin-ei Dark,guitar_lr_correlation,0.983252
Shin-ei Dark,guitar_mono_fold_db,-0.040053
Shin-ei Dark,guitar_side_to_mid_db,-20.331453
Shin-ei Dark,sweep_alias_proxy_db,-82.542770
Shin-ei Dark,sweep_lr_correlation,0.993996
Shin-ei Dark,sweep_mono_fold_db,-0.013058
Shin-ei Dark,sweep_side_to_mid_db,-25.212505
Shin-ei Dark,tracked_notch_count,14.000000
Shin-ei Dark,tracked_notch_high_hz,11371.962891
Shin-ei Dark,tracked_notch_low_hz,26.167307
Shin-ei Dark,tracked_notch_span_oct,8.763500
Shin-ei Dark,worst_thd_db,-22.846401
Deja Lead,average_tracked_notch_db,-6.855252
Deja Lead,deepest_tracked_notch_db,-9.143465
Deja Lead,guitar_alias_proxy_db,-79.802216
Deja Lead,guitar_lr_correlation,0.990390
Deja Lead,guitar_mono_fold_db,-0.021829
Deja Lead,guitar_side_to_mid_db,-22.976606
Deja Lead,sweep_alias_proxy_db,-82.543922
Deja Lead,sweep_lr_correlation,0.996127
Deja Lead,sweep_mono_fold_db,-0.008419
Deja Lead,sweep_side_to_mid_db,-27.121126
Deja Lead,tracked_notch_count,16.000000
Deja Lead,tracked_notch_high_hz,8691.733398
Deja Lead,tracked_notch_low_hz,26.167307
Deja Lead,tracked_notch_span_oct,8.375734
Deja Lead,worst_thd_db,-21.899250
Voodoo Wide,average_tracked_notch_db,-6.682346
Voodoo Wide,deepest_tracked_notch_db,-9.659728
Voodoo Wide,guitar_alias_proxy_db,-79.526566
Voodoo Wide,guitar_lr_correlation,0.640929
Voodoo Wide,guitar_mono_fold_db,-0.860553
Voodoo Wide,guitar_side_to_mid_db,-6.592686
Voodoo Wide,sweep_alias_proxy_db,-82.544128
Voodoo Wide,sweep_lr_correlation,0.851972
Voodoo Wide,sweep_mono_fold_db,-0.333967
Voodoo Wide,sweep_side_to_mid_db,-10.972754
Voodoo Wide,tracked_notch_count,7.000000
Voodoo Wide,tracked_notch_high_hz,4095.105469
Voodoo Wide,tracked_notch_low_hz,76.678787
Voodoo Wide,tracked_notch_span_oct,5.738929
Voodoo Wide,worst_thd_db,-22.315901
Modern Hi-Fi,average_tracked_notch_db,-5.353136
Modern Hi-Fi,deepest_tracked_notch_db,-7.944771
Modern Hi-Fi,guitar_alias_proxy_db,-79.829399
Modern Hi-Fi,guitar_lr_correlation,0.970025
Modern Hi-Fi,guitar_mono_fold_db,-0.065694
Modern Hi-Fi,guitar_side_to_mid_db,-18.169683
Modern Hi-Fi,sweep_alias_proxy_db,-82.542747
Modern Hi-Fi,sweep_lr_correlation,0.985195
Modern Hi-Fi,sweep_mono_fold_db,-0.032268
Modern Hi-Fi,sweep_side_to_mid_db,-21.273996
Modern Hi-Fi,tracked_notch_count,12.000000
Modern Hi-Fi,tracked_notch_high_hz,4559.914551
Modern Hi-Fi,tracked_notch_low_hz,26.167307
Modern Hi-Fi,tracked_notch_span_oct,7.445097
Modern Hi-Fi,worst_thd_db,-22.732674
Classic Vibrato,average_tracked_notch_db,-7.623880
Classic Vibrato,deepest_tracked_notch_db,-11.121008
Classic Vibrato,guitar_alias_proxy_db,-82.594620
Classic Vibrato,guitar_lr_correlation,0.994022
Classic Vibrato,guitar_mono_fold_db,-0.013070
Classic Vibrato,guitar_side_to_mid_db,-25.208591
Classic Vibrato,sweep_alias_proxy_db,-82.544205
Classic Vibrato,sweep_lr_correlation,0.994753
Classic Vibrato,sweep_mono_fold_db,-0.011409
Classic Vibrato,sweep_side_to_mid_db,-25.799677
Classic Vibrato,tracked_notch_count,8.000000
Classic Vibrato,tracked_notch_high_hz,3302.796875
Classic Vibrato,tracked_notch_low_hz,23.499975
Classic Vibrato,tracked_notch_span_oct,7.134885
Classic Vibrato,worst_thd_db,-15.573548
Hendrix Deep,average_tracked_notch_db,-8.427267
Hendrix Deep,deepest_tracked_notch_db,-13.555879
Hendrix Deep,guitar_alias_proxy_db,-78.737175
Hendrix Deep,guitar_lr_correlation,0.915028
Hendrix Deep,guitar_mono_fold_db,-0.210841
Hendrix Deep,guitar_side_to_mid_db,-13.032439
Hendrix Deep,sweep_alias_proxy_db,-82.542587
Hendrix Deep,sweep_lr_correlation,0.972649
Hendrix Deep,sweep_mono_fold_db,-0.059803
Hendrix Deep,sweep_side_to_mid_db,-18.580696
Hendrix Deep,tracked_notch_count,10.000000
Hendrix Deep,tracked_notch_high_hz,6643.200684
Hendrix Deep,tracked_notch_low_hz,29.137390
Hendrix Deep,tracked_notch_span_oct,7.832863
Hendrix Deep,worst_thd_db,-21.625042
Gentle Clean,average_tracked_notch_db,-5.294774
Gentle Clean,deepest_tracked_notch_db,-7.154889
Gentle Clean,guitar_alias_proxy_db,-79.883194
Gentle Clean,guitar_lr_correlation,0.999694
Gentle Clean,guitar_mono_fold_db,-0.000697
Gentle Clean,guitar_side_to_mid_db,-37.948204
Gentle Clean,sweep_alias_proxy_db,-82.542877
Gentle Clean,sweep_lr_correlation,0.999789
Gentle Clean,sweep_mono_fold_db,-0.000458
Gentle Clean,sweep_side_to_mid_db,-39.765896
Gentle Clean,tracked_notch_count,7.000000
Gentle Clean,tracked_notch_high_hz,3485.199951
Gentle Clean,tracked_notch_low_hz,23.499975
Gentle Clean,tracked_notch_span_oct,7.212439
Gentle Clean,worst_thd_db,-24.865231
