time_s,freq_hz,gain_db
0.000000,20.000000,-6.734928
0.067227,21.104536,-4.274783
0.134454,22.270071,-3.867267
0.201681,23.499975,-3.769021
0.268908,24.797804,-3.300002
0.336134,26.167307,-5.353409
0.403361,27.612442,-5.680101
0.470588,29.137390,-8.293921
0.537815,30.746555,-8.730246
0.605042,32.444588,-7.952085
0.672269,34.236401,-7.884792
0.739496,36.127167,-8.464228
0.806723,38.122353,-9.031961
0.873950,40.227730,-7.632546
0.941177,42.449379,-4.382232
1.008403,44.793720,-1.557323
1.075630,47.267536,-0.897035
1.142857,49.877968,-1.271986
1.210084,52.632568,-2.114405
1.277311,55.539299,-3.246601
1.344538,58.606552,-3.920426
1.411765,61.843204,-4.570173
1.478992,65.258606,-4.506359
1.546218,68.862625,-3.907126
1.613445,72.665695,-2.503153
1.680672,76.678787,-1.515861
1.747899,80.913506,-0.989675
1.815126,85.382095,-1.322254
1.882353,90.097488,-2.277144
1.949580,95.073273,-2.756597
2.016807,100.323875,-2.363730
2.084034,105.864441,-1.454825
2.151261,111.710999,-1.027722
2.218488,117.880432,-1.364910
2.285714,124.390594,-3.703748
2.352941,131.260284,-7.680082
2.420168,138.509369,-11.694530
2.487395,146.158783,-11.847352
2.554622,154.230667,-9.661435
2.621849,162.748337,-8.112868
2.689076,171.736420,-7.314753
2.756303,181.220856,-7.681017
2.823529,191.229095,-9.244828
2.890756,201.790070,-11.577333
2.957983,212.934280,-11.223166
3.025210,224.693970,-6.927860
3.092437,237.103104,-3.312394
3.159664,250.197540,-1.733610
3.226891,264.015137,-1.361443
3.294118,278.595856,-1.576739
3.361345,293.981812,-2.431422
3.428571,310.217468,-5.011694
3.495798,327.349792,-9.673701
3.563025,345.428284,-10.852293
3.630252,364.505157,-6.742301
3.697479,384.635620,-3.810004
3.764706,405.877808,-2.217371
3.831933,428.293121,-1.448207
3.899160,451.946381,-1.095794
3.966387,476.905945,-0.931352
4.033614,503.244019,-1.022589
4.100841,531.036560,-1.372379
4.168067,560.364014,-2.271795
4.235294,591.311096,-4.225596
4.302521,623.967346,-7.592537
4.369748,658.427063,-10.688532
4.436975,694.789795,-10.195539
4.504202,733.160889,-9.251985
4.571429,773.651001,-9.690976
4.638656,816.377197,-10.602625
4.705883,861.463074,-9.618372
4.773109,909.038940,-5.801864
4.840336,959.242249,-2.495365
4.907563,1012.218079,-0.975964
4.974790,1068.119629,-0.534300
5.042017,1127.108398,-0.486944
5.109244,1189.355103,-0.485345
5.176471,1255.039307,-0.496043
5.243698,1324.351074,-0.519452
5.310925,1397.490845,-0.550695
5.378151,1474.669678,-0.568860
5.445378,1556.110962,-0.582608
5.512605,1642.050049,-0.653982
5.579832,1732.735107,-1.043903
5.647059,1828.428467,-2.223475
5.714286,1929.406738,-3.942201
5.781513,2035.961670,-4.873176
5.848740,2148.401367,-4.383327
5.915967,2267.050537,-3.136701
5.983193,2392.252441,-1.696307
6.050420,2524.368896,-0.958975
6.117647,2663.781738,-1.011562
6.184874,2810.893799,-1.343637
6.252101,2966.130371,-1.662174
6.319328,3129.940430,-1.923736
6.386555,3302.796875,-2.145647
6.453782,3485.199951,-2.347977
6.521008,3677.676025,-2.542583
6.588235,3880.782471,-2.726127
6.655462,4095.105469,-2.883176
6.722689,4321.265137,-2.988327
6.789916,4559.914551,-3.005956
6.857143,4811.744141,-2.866548
6.924370,5077.481445,-2.573169
6.991597,5357.894531,-2.303846
7.058824,5653.793457,-2.268409
7.126050,5966.034668,-2.492035
7.193277,6295.519531,-2.909828
7.260504,6643.200684,-3.502520
7.327731,7010.083008,-4.071702
7.394958,7397.227539,-4.458174
7.462185,7805.752441,-4.672253
7.529412,8236.839844,-4.778174
7.596639,8691.733398,-4.825024
7.663866,9171.750000,-4.836886
7.731092,9678.276367,-4.823221
7.798319,10212.776367,-4.793708
7.865546,10776.795898,-4.747929
7.932773,11371.962891,-4.693565
8.000000,12000.000000,-4.644478
